"date","Topic 1: Corporate Culture","Topic 2: EU Conflicts","Topic 3: Energy & Climate Change Mitigation","Topic 4: Companies & Markets","Topic 5: Geopolitics","Topic 6: Society","Topic 7: Financial Markets I","Topic 8: German Politics I","Topic 9: Miscellaneous","Topic 10: Financial Markets II","Topic 11: Leisure & Hospitality","Topic 12: Central banks","Topic 13: German Economy","Topic 14: German Politics II"
2001-01-01,0.000751761128442893,0.000790127368026401,0.00177896290144286,0.00125812310181391,0.000659464986048604,0.00252891430160351,0.000825959988014772,0.00105615742551582,0.00213439353607498,0.00216515891687308,0.000995350555232526,0.00162477405179593,0.00150931338738896,0.00142932339731391
2001-02-01,0.00146992034224102,0.0010038657169644,0.000928485186593068,0.00132640740941867,0.00077228802991016,0.00171418225315582,0.00111802373170945,0.00140504959735415,0.00133546756931907,0.00229367008038545,0.000580212640021664,0.00136011120424816,0.00127349607560033,0.000496134356145945
2001-03-01,0.0011205978787874,0.00113983561061208,0.000740652675250043,0.00126840778497367,0.000610477356569732,0.00252014286903261,0.000837803220964659,0.000924052385311958,0.00170895184375876,0.00227582367485922,0.000769509272987057,0.00180161358538095,0.00162975651441384,0.000872751767112821
2001-04-01,0.00124224561967845,0.00140952372740557,0.000898287356014721,0.00158346161928107,0.000702411351650412,0.00216913087233036,0.000915916196407509,0.00108397780815209,0.00206884235809583,0.00214053297569317,0.000833256522565771,0.00151960604185831,0.00143616286399911,0.000766266929073177
2001-05-01,0.00124658886888692,0.000803676941587283,0.000355843770650987,0.00085553927837365,0.000542093914438525,0.00242958012770004,0.000620833812625127,0.000842668333477763,0.0012950441908479,0.00105844593908528,0.000778313608998329,0.00115497802580443,0.000822226244525472,0.000788534653474475
2001-06-01,0.001072002843301,0.000770795047315188,0.000928235698135269,0.000774311091626306,0.000642654765754427,0.00183342177245321,0.00051217045465292,0.00104934389107379,0.00177443036234444,0.000971209573048939,0.000680549909996481,0.00128726288945947,0.00120365916917288,0.000798532730214011
2001-07-01,0.00116534668493646,0.00134375480934041,0.000714012089369862,0.001102334453764,0.000917093677787127,0.002286660726403,0.000546232534079336,0.00127353033484098,0.00170550575095098,0.0017123384025239,0.000695032501667314,0.00113649771162858,0.00124695891205741,0.000759942691610028
2001-08-01,0.00134464739866324,0.000809555511152922,0.0006693322701911,0.00125714809630306,0.000498446880538959,0.00233630615874525,0.000969223041528117,0.00118198843914752,0.00230975722512314,0.00158807494497296,0.0011034634242089,0.00114272593167821,0.00188721785902485,0.00132258560875191
2001-09-01,0.00126192858216256,0.00084935998068774,0.000809509604408922,0.00195970085700538,0.00239805499607238,0.00243790537235119,0.00205932679770243,0.00129123032942639,0.00196751465627574,0.0050668581368626,0.00104900255204535,0.0029247050668944,0.00254495442235508,0.00121582716646745
2001-10-01,0.00165694401893171,0.00130644364424684,0.000984391791128479,0.00298308279349382,0.00223466784151322,0.00396783930925777,0.00203552819054762,0.00207965987143927,0.00202969259638013,0.00454045698694273,0.00136881155691189,0.0035108393410162,0.00381830220871584,0.0011558123697985
2001-11-01,0.00151285425987724,0.00128381188357595,0.000844520351592963,0.00216474410011938,0.00133862544371643,0.00235659156061106,0.00126736781553381,0.00200617630114156,0.00251555088501845,0.00208761359049313,0.000954538997303498,0.00173837290731236,0.00316470004725356,0.000815938995233999
2001-12-01,0.00129905243622334,0.00115818116554198,0.000887826421509781,0.00158079497758606,0.000776900840104996,0.00298950768439968,0.000632655407251625,0.00235558696633355,0.00216621211442957,0.00166093132917127,0.00113371848979491,0.0021409058981395,0.00337711456390918,0.000846071164631174
2002-01-01,0.00128565588219526,0.00117644042405864,0.000945742554154103,0.00136400610216284,0.00097937774959473,0.00242450402899673,0.00115784213952088,0.0014850928057491,0.00260771691710274,0.0016370447475044,0.00104783526502095,0.00101063869594543,0.00146372456393976,0.00124964643766471
2002-02-01,0.00109079692449528,0.000707334791762105,0.000608663909979098,0.00115735140161951,0.000554878605791498,0.00148741517479953,0.000676766165641095,0.00109311859230194,0.000929054067298039,0.00142008680840641,0.000731325359097581,0.000791688722070715,0.00188209870193155,0.000699982843707685
2002-03-01,0.00109435544075594,0.000487001212484853,0.000822722782835925,0.00153030908926954,0.000701624547137703,0.00158620058266872,0.000612198157699015,0.00102654042876493,0.00206351393629772,0.00119123402931452,0.000769812169084702,0.000542147485972043,0.000985180723649541,0.000525752647908284
2002-04-01,0.00146447838596966,0.000933809586894615,0.000581680003577241,0.00142717168416955,0.000520390422048487,0.00175379566523583,0.000934570948155842,0.00102593429950305,0.00198144268234263,0.00205795948909592,0.00109293409049101,0.0011325248760748,0.00210211844224707,0.00160685294181907
2002-05-01,0.00128646404394584,0.000643232021972921,0.000850088187911683,0.00189879126025062,0.000655181880164603,0.00231580010473275,0.00117850325614513,0.00133137902818354,0.00172572434850903,0.00171995545145098,0.000608618639624603,0.00103263257339151,0.00196389738419151,0.000954752463107789
2002-06-01,0.00168107931020672,0.00154356455045635,0.00087993995143633,0.00160189244012575,0.000746674243251284,0.00216199469191797,0.00103599602710809,0.00117389706427349,0.00161966120121709,0.00238178654106954,0.000684483579431597,0.00135622000416723,0.00164283784611884,0.000868351628985457
2002-07-01,0.00187627360053707,0.0016084706725309,0.00106335946567883,0.00228624351501565,0.000893916255057638,0.00174071903204012,0.00146878334279928,0.00102575133844339,0.00251602503966292,0.00298757309653799,0.000815807067722505,0.00216556688696349,0.00222053261138451,0.000969132509528507
2002-08-01,0.00198569749749792,0.00168945106777743,0.0011663645147281,0.00254560324966964,0.000961954478220965,0.00266452503074316,0.00182741726219011,0.00134199632663382,0.00247111843305421,0.00239705682562408,0.000771510344829221,0.00203902185484761,0.0023382307488653,0.00118625534643791
2002-09-01,0.00149693797942947,0.00109775451824828,0.00107247870957086,0.0015575127622943,0.00143897793539333,0.00240425235298759,0.00178935293843883,0.00146076742563248,0.00199155940785813,0.00299997701612589,0.000747379515202776,0.00231099333476403,0.00236938916860495,0.00272150733086958
2002-10-01,0.00112977015004033,0.000972204543134377,0.000935081756167005,0.00239111995610945,0.00135250687184456,0.00212919807028411,0.00147542454424763,0.00185655182377931,0.00174394603664495,0.00242741779225533,0.000862073608464509,0.00188295025006722,0.002521462185906,0.0010505748711766
2002-11-01,0.00177391206862235,0.000965344238515432,0.00062190862562053,0.00240275003826093,0.000685138889785291,0.00230747155801266,0.00177564440462686,0.00252358047457578,0.00203116396529268,0.00175962029658511,0.000748369153950052,0.0018020625286957,0.00231483398603185,0.000949753214474806
2002-12-01,0.000963720929285285,0.000735081838087835,0.00102625061810964,0.00139045025607134,0.00140620200974465,0.00286013660637812,0.00121288503284493,0.00248257184408755,0.0025169393066475,0.00164486494418875,0.00136658396262693,0.00181622493111962,0.00305965881957339,0.000906919150887589
2003-01-01,0.000983139925278391,0.000682276467188325,0.00114598063920847,0.00238731453069151,0.00134017036758498,0.00280181816614989,0.00137674421777249,0.00147166206706863,0.00208993429642882,0.0035759646617854,0.00119474577279181,0.00163493818397713,0.00242301757492216,0.00110722977412885
2003-02-01,0.00164774091838556,0.000815169958811379,0.0010467371228087,0.00339854930282774,0.00201450047292467,0.00304428277447731,0.0020738423473209,0.00274846576150963,0.00144383688380603,0.00292693756420506,0.00085264903737742,0.00303223592779537,0.00296798607882501,0.00105387599491652
2003-03-01,0.00178772726282995,0.00111636435348803,0.00166540266494138,0.0037546742853571,0.00350474196741201,0.00291181310256344,0.00204253630893005,0.00171173158241412,0.00193606107754532,0.00383757866399254,0.000862774489426682,0.00326943983393201,0.00312273159526831,0.000784340444933347
2003-04-01,0.00128321731657951,0.000915212350478156,0.000453034684976949,0.00249831942825331,0.00246723329447083,0.00179065273567579,0.00126584565358342,0.00126995999481934,0.00180299575938354,0.00276895165177132,0.000457606175239078,0.00170699446387884,0.00246769044349705,0.000932126864448032
2003-05-01,0.00166572922053201,0.000727870507801619,0.0006623045703977,0.00209766698383485,0.00120721067179514,0.00260801806416807,0.0014039084840069,0.00163560433037345,0.00201216545735542,0.0011996794492555,0.0011580362187422,0.0013259381800671,0.00168522179651696,0.000818688191367859
2003-06-01,0.00109590670008182,0.000546309255120083,0.000900024533800583,0.00143693896080166,0.00119596161954921,0.00227166943917517,0.00102826393762499,0.00227307866339302,0.00179300294651191,0.000801848579956991,0.000627104776943517,0.00114429006489469,0.00147874594593123,0.000909889103325537
2003-07-01,0.00135330530365815,0.000513570690416065,0.000506802048697237,0.00136599650688095,0.00054022221718395,0.00173319532012736,0.000583795348248904,0.00150433062200949,0.00136176610580668,0.00151659878512487,0.000661634728015424,0.000982722169552322,0.000983145209659748,0.000406118503129672
2003-08-01,0.00144458563368473,0.000834997330677831,0.00057828149360816,0.00147231452200933,0.00104564743391793,0.00191955465627705,0.000637764431465767,0.00181758390566401,0.00208145558488196,0.00150496305181087,0.000854228656451343,0.000513878914273609,0.00172724139854193,0.000962460768944131
2003-09-01,0.0007792687049417,0.000332853466934897,0.00120447269260461,0.00100802388172735,0.00111571176808864,0.00208620805305372,0.000913715399429129,0.00139211067641595,0.0020150687826696,0.00137579432999757,0.00140124783041024,0.00122894721223218,0.00137775229156778,0.000892177822156871
2003-10-01,0.000814195738184169,0.000680924262196657,0.000397644892306924,0.000917403648658218,0.000434836932117392,0.00172942985118678,0.00082752288578292,0.00175422454439375,0.00168882854106035,0.00123973466034894,0.00103641817605172,0.000862855323602865,0.00144584054763196,0.000895398358437024
2003-11-01,0.000999598469968263,0.000816005663894797,0.000885445747372768,0.00109207233723405,0.00135696085079392,0.00239043253221485,0.000912544316534904,0.00203171522293109,0.00297271303708623,0.00122790391515925,0.000772986685349907,0.000736403616981025,0.00178681190412829,0.00132579749625747
2003-12-01,0.00105317883524577,0.00070801608147728,0.000533075961400995,0.00058772017868325,0.000686787392748922,0.00255687762017114,0.000959222231429519,0.00102683953626799,0.0016318571650262,0.00123873329968623,0.000788606473871973,0.000859368769633167,0.00141131467657048,0.000779564624969154
2004-01-01,0.00161957648963175,0.000643067135589076,0.00077223019273731,0.00112124526205275,0.00117025393976502,0.00282280823122185,0.000693907913402742,0.00164843206622869,0.00215454971923861,0.00115284898880178,0.000707648664163193,0.000643525160614425,0.00149819985791444,0.000856048772376057
2004-02-01,0.00138951079404673,0.00119544504068825,0.000997497972262596,0.000823485680084491,0.000907580839873167,0.00273632712235459,0.00197623625503387,0.00137463241962258,0.00266581656530101,0.00182292430988067,0.000839657826197698,0.000855829972310905,0.00146131512278937,0.00167737499486181
2004-03-01,0.000976469400298178,0.0010629109537672,0.00123167779625433,0.00135608045521503,0.000824624978331436,0.001692242052039,0.000591827355496882,0.00126369318642804,0.00152942092486984,0.00245558042632362,0.000513618330929674,0.000924787413303474,0.00216606982660992,0.000768369364169058
2004-04-01,0.000999393701770455,0.00134594605015417,0.000525820091531026,0.000859909976487384,0.000990286516958158,0.00198488696356425,0.00124289106412028,0.00164792112550927,0.00206205837171055,0.00127356789717223,0.00119112390834512,0.0011058039664194,0.00189621174302346,0.000581901176954116
2004-05-01,0.00113820207152938,0.000984992066243183,0.00144313940463126,0.00110657161882513,0.00120343988023189,0.00219485688218062,0.00141101472610351,0.00188596574249071,0.00251808057075214,0.00228381753041131,0.00094495977453937,0.00118070549235071,0.0017179289624994,0.00116587871764559
2004-06-01,0.000655524322987393,0.000823489341209722,0.00101616741697598,0.00101951834003279,0.000795844225991085,0.00142288570299564,0.000757727476219933,0.000969254494180721,0.00148822870260333,0.00120381910815704,0.000428918151270984,0.00107271424355956,0.000921503840621256,0.000731757822529697
2004-07-01,0.00116044835882327,0.000628541780117086,0.000587244685497041,0.00106876880876677,0.000911013907318195,0.00185217469370902,0.000848655294441927,0.000963461217485652,0.00161843313815957,0.00126203921158858,0.000626889896332284,0.000775146466018246,0.00162338878951397,0.000523647159782172
2004-08-01,0.0010522867590127,0.000574214051225953,0.000649283319390814,0.0010860898797653,0.000450854610557381,0.00220378787244211,0.000611968186092491,0.00177137132774979,0.00185258661786966,0.00227710113433411,0.000624699231570743,0.0007673747412408,0.00173054418190574,0.00152026243073049
2004-09-01,0.000846409807171234,0.00064249215030287,0.00073557558178206,0.000859831139151954,0.00119319970770533,0.00278860642863934,0.00124428735847065,0.00105119335642545,0.00177248171384094,0.00134516382142252,0.000610887078219238,0.000437275654855727,0.00104902862546082,0.00158544895849671
2004-10-01,0.00125131465865749,0.000648569887413699,0.001139022482097,0.000915263806744856,0.00076251341951184,0.00241263044051283,0.00118071920942277,0.00122365445340178,0.00142099144015146,0.00163195211008679,0.000786045235923413,0.00124099368654715,0.00153534781113402,0.000866135979499643
2004-11-01,0.00127032148653481,0.00071518617346851,0.000663443703530261,0.00122164848515222,0.000797184833455397,0.00191754085627087,0.00125015069316905,0.00105589718314664,0.00213854259227831,0.00143431880650858,0.000747634841056904,0.000703346794753826,0.00108966133725889,0.000671336622673384
2004-12-01,0.000908613731528689,0.00101125673656386,0.000969753260614853,0.00117370044888038,0.000798830343534555,0.00305831527611302,0.00109381741452692,0.000978232465378628,0.00336401292154384,0.001245550552405,0.000968860712744982,0.000898795704960108,0.00126474033160722,0.000955026220761981
2005-01-01,0.000667076774926347,0.000550464592661177,0.00077404779251605,0.000785525369510653,0.000726760175298284,0.00177351519720611,0.000849340697600648,0.00150218527705369,0.00161787925315929,0.00111607958695523,0.000713905289064328,0.000527968541751754,0.00103940937263128,0.000707018742867567
2005-02-01,0.00141108001813095,0.000710386701963862,0.000738543679754503,0.000280646598306711,0.00073762050015481,0.00233564438722362,0.000789780147537471,0.00165572261204963,0.00188420956297368,0.000721926446960026,0.000748237065551281,0.000538213706621094,0.00134876539515166,0.00105565587224909
2005-03-01,0.00106599484983044,0.00048421324305838,0.000451152888411597,0.00060476258500214,0.000634194364138911,0.00198039587835368,0.000780950084766097,0.00161068435138903,0.00168244951147595,0.000528965674348539,0.000594683208585438,0.000595086383642106,0.00107849327658715,0.000868439072063074
2005-04-01,0.000904607910252058,0.00101172717202436,0.000629682048288916,0.000485906004921524,0.000291217764894292,0.00226457450742974,0.000986067424907804,0.00133878712336718,0.00134978415784571,0.000842291381540413,0.000315248321717737,0.000499346824839722,0.000981179854028459,0.000853288416018938
2005-05-01,0.00143860625740708,0.00116430347799666,0.000263805335273253,0.00126608304506575,0.000373343882791558,0.00278227910696496,0.00100821104778307,0.00129529332440396,0.00182244758433581,0.00146233960936938,0.000827928854992527,0.000901867374567383,0.00137470877135474,0.00134732413447516
2005-06-01,0.00109748546009678,0.00195362573799636,0.0007900879122456,0.00119741083377843,0.000864185117306147,0.00281145966629731,0.000986974771406481,0.00126685050023517,0.00184311504930605,0.00109875569789782,0.000695243489768101,0.000780772835037989,0.00111018783810716,0.0012643100246331
2005-07-01,0.00102678974608254,0.00043219466352964,0.000743898693590411,0.00107437481509742,0.000638251109172054,0.00178422180792489,0.000463627002695432,0.000843434434282086,0.00183224343720596,0.00102460694475158,0.000678851213927869,0.000770965430094288,0.00113942229475996,0.000870501170785962
2005-08-01,0.000825862573754468,0.0007799097420375,0.00104016596652799,0.000884699376980865,0.000871815405471435,0.00163154025881083,0.000419158539773458,0.000845188531018613,0.00150012374941464,0.00155810162120708,0.00046682923435835,0.000412716554018743,0.000995072066244982,0.00133649731124488
2005-09-01,0.000900007184015516,0.00109292425524863,0.00146404438380726,0.000535426617193608,0.000403409214633658,0.00334416838311306,0.00152167427161206,0.00103243330918401,0.00251200915211597,0.00200355822708631,0.000335969984223776,0.000867309375331937,0.00153679700812822,0.00358449727693736
2005-10-01,0.00131729433886682,0.000801280098328999,0.0010155464537366,0.000765357731051592,0.000894255637164643,0.00284674195271315,0.000913273361017388,0.000665197718760467,0.00296380660842894,0.00120656892443528,0.000510097615339189,0.000912428128846155,0.00127376488204831,0.00105823067838387
2005-11-01,0.0007095153373179,0.000696423090022153,0.00066685995096724,0.000515665611229259,0.000519044255692678,0.00183544860475214,0.000923214599629124,0.00100852537233044,0.00173155528750202,0.00113226822580315,0.000787224159976527,0.000903787393964468,0.00114451581198304,0.00177801164887402
2005-12-01,0.00101280180101434,0.000457394361748412,0.000917368015010443,0.000520587003832074,0.000552398265833374,0.00227149605966035,0.000904471557442349,0.00100893286374391,0.00141947009632825,0.000408387822989654,0.000445357668018191,0.000259218797118696,0.000403229239962416,0.000688240952217301
2006-01-01,0.000994392769966749,0.0008997964618543,0.000876713152219205,0.000884407588764237,0.00127727646647527,0.0021680206500413,0.000821041640746328,0.000957731042899245,0.00119127982273668,0.000819683799003087,0.000691594061224029,0.000527747824206295,0.000760843990129315,0.000990319244737026
2006-02-01,0.000577336500058994,0.000543402144648003,0.000443861368775762,0.000432097458899952,0.000858312962861999,0.00130986611886425,0.000382779529035979,0.000565572590183183,0.000998122507155282,0.000622129849201502,0.000729362412300233,0.00028957316617379,0.000470556395032409,0.000526208737906434
2006-03-01,0.000978959549740766,0.00080723372872374,0.00057921773359662,0.000610626019150803,0.000936130069439607,0.00285081178880759,0.000907169182759776,0.00132730598952352,0.00174377169797574,0.00044991349306836,0.000606547021026883,0.000439715997758561,0.000812128526472444,0.000756246252174742
2006-04-01,0.000842205023285106,0.00098667776349993,0.000820415691974018,0.000626206434636058,0.000866362760173487,0.00183598800351691,0.000490733635614944,0.00106672987201241,0.00151767429392884,0.000829415633167728,0.000684942892952904,0.000467049579842022,0.00118941328091614,0.000759310828079879
2006-05-01,0.00104597257689757,0.00105429132070714,0.00107968538075739,0.000503940743411096,0.000926007534591196,0.00246891559695497,0.000630035386419258,0.00102889726065688,0.00187303084301709,0.00100218971474196,0.000777583631883671,0.000754816543562753,0.000647110702659947,0.00057224200837385
2006-06-01,0.000572107332852257,0.000554568275932699,0.000495687156274182,0.000498610332427442,0.000724947686008408,0.00128369192787434,0.000677341674369607,0.000554150679339376,0.00119390866030993,0.00128577991084095,0.000713254981395369,0.00107656401758622,0.000770883311273917,0.000303175126752364
2006-07-01,0.000550359643253485,0.000357604978806671,0.000473944653784592,0.000473086058397301,0.000595865198779904,0.000646951624323714,0.000557228406351812,0.000655537578196623,0.000730235376890934,0.00104362269325212,0.000643946540468196,0.000498414622322383,0.000854731708048118,0.000185885901348486
2006-08-01,0.000732374248487953,0.000523368202035363,0.000512704628236762,0.0010309543148488,0.0010736086100432,0.00192242908441189,0.000466211446474859,0.000917493889631676,0.000991712363269943,0.00104332406045517,0.000449576271349041,0.000526780545650916,0.000793796433567898,0.000946498810363872
2006-09-01,0.000705170334088312,0.000744744072240133,0.000913142957992566,0.000485409788181387,0.000996079409225639,0.00223886318607859,0.000601605019350566,0.000786001799249479,0.00137455590495423,0.000716958256090982,0.000437416105741944,0.00072411520873546,0.000755689999814041,0.001099223726749
2006-10-01,0.000870605408708861,0.000930224331791886,0.000685406200833931,0.00085749770221543,0.000807603851692047,0.00227101585729737,0.000892169700036764,0.00113445085554438,0.00159491189978136,0.000890055553828146,0.000651579861496044,0.000430440168074609,0.00089174687079504,0.00149639268645977
2006-11-01,0.00125148292331818,0.000555188947014702,0.000549913992648766,0.000457602291244897,0.000452766916409456,0.00198294326206122,0.000560463901380637,0.00131873859148385,0.00162688384236058,0.00045892102983638,0.000727064543438097,0.000431667098945714,0.000450569018756983,0.00119829380012833
2006-12-01,0.000756863782179342,0.000942110162433027,0.000498481168682644,0.000633205808867142,0.000862237697180789,0.00233651018834258,0.000549484068181061,0.00125149567542814,0.00204252177708284,0.00103545509170372,0.000482602907518042,0.000653895664324047,0.00131019712579425,0.000588457981948719
2007-01-01,0.00101151390021683,0.000717105082311933,0.000904100343315045,0.000430958845707171,0.000392690048106534,0.00159206895472649,0.000603168434910037,0.00114458494641905,0.00112849465651878,0.000625346942610406,0.000636653632810594,0.000422696264407034,0.000841043801813995,0.00114545469181906
2007-02-01,0.00071814409866279,0.000700850996621412,0.000651853874170841,0.000897319850369293,0.000961208255133273,0.00179463970073859,0.000368439146270475,0.000668666612266625,0.00199783364972478,0.000646569870769308,0.000771944860569301,0.000317520568037528,0.000565868727909543,0.000541850530629851
2007-03-01,0.00103959591476605,0.000598764914103705,0.00070948147198012,0.000818976891350546,0.000692385532896262,0.00118531844314751,0.000967955789081312,0.000989529236020466,0.00119223822801479,0.00125125992247096,0.000581261928851183,0.00098505172816517,0.000759141104557042,0.000159562098116011
2007-04-01,0.0014118148122883,0.00106032362456044,0.000787808265420542,0.000750270371585529,0.000521630472772265,0.00183399424165351,0.000705907406144149,0.00099841047498841,0.00137768945425647,0.00116513722422964,0.000787320760305801,0.00060548135250762,0.00113539941223047,0.00099841047498841
2007-05-01,0.00105010423770898,0.00103444520479239,0.000590298089340246,0.000851756487432269,0.000915816167545559,0.0022069746089401,0.000553285829719234,0.000868364552646825,0.00167788910281922,0.000509155827863412,0.000701334868203283,0.000310808077586705,0.000592670670085183,0.000820438421599104
2007-06-01,0.00107402875556105,0.000724207445511726,0.000704191661841804,0.000587736193216803,0.000533147692298834,0.00142566968230763,0.000752411504319344,0.000926184898908213,0.00132422605143507,0.000927549611431162,0.000389397973214848,0.000463092449454106,0.000525414321335455,0.000511312291931646
2007-07-01,0.000559737643897976,0.000871363009725257,0.000429512967562529,0.0002970036477826,0.000917055878614888,0.00171119793991667,0.000663917384966334,0.000643355593966,0.00159376726687032,0.00151289088893567,0.000326247083871963,0.000485258267607878,0.00051221706025276,0.00080922070803536
2007-08-01,0.000820340731301066,0.00074640824229552,0.000671147624744963,0.00107888308806298,0.000890731544186587,0.00190940613820912,0.00233440727261226,0.00138877974856527,0.00159463967304179,0.00292498176562663,0.000473699181053503,0.00228216754984188,0.00103328400801764,0.00109614875914811
2007-09-01,0.00111827759413036,0.000895331248570479,0.00125346374799867,0.00116304415655888,0.00134609950589532,0.00216031906214481,0.00132837017424046,0.00114664452477813,0.00226891121853083,0.00188418472162035,0.000774771793317424,0.00198479867876168,0.00136648823729841,0.00122022125114581
2007-10-01,0.000677682974473476,0.000980400205477113,0.000953357466174121,0.000694231516435008,0.000887566921302664,0.0017117650355819,0.000856487952252957,0.00089967561054281,0.00123548992546951,0.00159996147159789,0.000712394550295226,0.000902097348390839,0.00132711234071995,0.000756389454534421
2007-11-01,0.0012797496664069,0.000773682439074413,0.00121842118038271,0.0011489441542574,0.000935795500033464,0.00215378780988454,0.00128017853693854,0.00200582747646953,0.0015640908288827,0.00214263717606196,0.00075738535887218,0.00117639186828221,0.00150147573126359,0.00118110944413023
2007-12-01,0.00105706485945971,0.00143107291029276,0.000875474108463142,0.000974881511447715,0.00127753276310867,0.00171108683256118,0.00120519173222385,0.00111513453051011,0.00227849641494342,0.00214808571300822,0.000581188826360298,0.00149061892891223,0.00187200871759066,0.000961102267469655
2008-01-01,0.00105411107605872,0.000867034837705822,0.00116057366603473,0.00129069460933873,0.00104140566408628,0.00219058827111122,0.00164513179160453,0.00155312708421786,0.00140066214054852,0.00266156474940014,0.000789488012908485,0.00172004991047653,0.00169288661591475,0.0013550979045094
2008-02-01,0.00148212012145967,0.000812747176396873,0.00101065639142858,0.00160790242256871,0.0011834971058896,0.00213610012757555,0.00191224281546191,0.00115666941229642,0.00213170214501929,0.00193027454394257,0.000883114897297035,0.00129300687154048,0.00122791672970783,0.00126749857271417
2008-03-01,0.000950341726296078,0.000918663668752876,0.000494356165603781,0.00148574551575866,0.000738411059633807,0.00170659957891197,0.00160531902873863,0.000944987688401452,0.00178378695855949,0.00182260373329553,0.000739303399282912,0.00121581277190461,0.00104136037050472,0.000593405866654359
2008-04-01,0.000778184513195196,0.000895678455012413,0.00141503573405954,0.00137799960022585,0.000922497724340256,0.00148783089366368,0.00114939725690756,0.00121197555200587,0.00121495547082007,0.0011468430407811,0.000649196598808902,0.00129498757611586,0.00135969438465287,0.000675590165449002
2008-05-01,0.00114223268476907,0.000820529380796666,0.00106320152627874,0.000765672459021024,0.00114781135478015,0.00262615890771692,0.00083122183165124,0.00125148163915276,0.00215476129178048,0.00130680345009599,0.000872596967566766,0.000577392346147002,0.00100416060199479,0.000704307088899121
2008-06-01,0.000793658473410347,0.00110152818892007,0.000709495789142107,0.000755719854076995,0.000823747723226453,0.00172250053295103,0.00125023013366344,0.0011002199606672,0.00164967582687436,0.00137363966551791,0.000752667321486955,0.000957623081103913,0.000777959734375856,0.00065760273511143
2008-07-01,0.00103499534368518,0.00128642516095313,0.000854172529896587,0.00132947821185517,0.00131182646098533,0.00173676007338852,0.00107159043695192,0.000935973326610474,0.00188701522103666,0.0021866644553149,0.000779690751836048,0.000848145102770301,0.0011891252659145,0.000973860011404274
2008-08-01,0.00116522352065984,0.00155610622342992,0.000701405162736023,0.00113989257455854,0.00133336859391848,0.00171420626633804,0.000842472328093268,0.0010787489115554,0.00150762803347743,0.00146264376712512,0.000668649628984341,0.000599207897430775,0.00117570529146038,0.000683498804285104
2008-09-01,0.00110465582065937,0.00118670375782246,0.000812360044515843,0.0013755849465,0.00118413975978611,0.00308192563968872,0.00291270176928984,0.00121191640517987,0.00236016019245713,0.00220546564426421,0.000946115275411929,0.00166061606154054,0.00150122085028099,0.001279435020137
2008-10-01,0.00186606712803954,0.00120108060198938,0.00114853845672121,0.00342755400772771,0.00158816843783216,0.00340333536264317,0.00368574939345954,0.00234674566014124,0.00398540381569202,0.00393655604001302,0.00152084881420733,0.00396611099672637,0.00329127281843842,0.00201384191160625
2008-11-01,0.00185932310147486,0.00118366121480806,0.00154905624724688,0.0031969787314504,0.0014852715782426,0.00249625858196048,0.00136271389279865,0.00219237019463294,0.00286757647652113,0.00139870667030821,0.00123286653089707,0.00138503852695015,0.00248031241470941,0.00171990803922264
2008-12-01,0.00171993440158005,0.00121254655271873,0.00161864884234662,0.00187210275360374,0.00107045875398368,0.00329634092538381,0.00187210275360374,0.00163160955371772,0.00322289689428089,0.00202379107928035,0.00154472478489662,0.00242077286831376,0.00391557491311428,0.000907729822324274
2009-01-01,0.00186635848997887,0.0011878926098059,0.0013296822797944,0.00325839127612,0.00209359144644251,0.00305748408900275,0.00207280794432694,0.00172549253119551,0.00453496016161903,0.00173657706565715,0.0017314966540289,0.00199613991430058,0.00289167792768069,0.00208343062318601
2009-02-01,0.00170199020156647,0.00113148537183042,0.000864329103481574,0.00302300889746613,0.00146483543928888,0.00321016114962495,0.00194438332204698,0.00186961766405987,0.00262917960348307,0.00246869535672093,0.000904807325958673,0.00227392367444877,0.00235154661872838,0.00141102321411345
2009-03-01,0.00272402058885455,0.00157858118752464,0.000993704700760661,0.00317607293120331,0.000798295620502334,0.00303109200068907,0.00188475209668515,0.00255652709149027,0.00374383986716126,0.00145791382920844,0.00136651280779728,0.00156237213939261,0.00235616524652494,0.00220353004328168
2009-04-01,0.0014829192945002,0.00092840264934001,0.000865279038244716,0.00294981490310699,0.000607928931471596,0.00268323903778917,0.00227633452934412,0.00176746111066822,0.00259292371729898,0.00177328790553855,0.000920633589512897,0.00160382528805965,0.00323290002055742,0.00152370685859255
2009-05-01,0.00141385503408677,0.000817705334535504,0.000684171802840715,0.00224756438740217,0.000752188882655289,0.00225156539209715,0.00137984649417948,0.00139485026178564,0.0027661946209883,0.00104326197421472,0.000989748536419427,0.0008942245493269,0.00145186457868903,0.00178794897306693
2009-06-01,0.00124794048447082,0.000955170006144806,0.00108512166923597,0.00136525093519903,0.00105629970504844,0.00217378287793357,0.00089904302325329,0.00206051761516151,0.00225822617651811,0.00174195906361506,0.000748359771886878,0.00111546057890706,0.00133036118907728,0.00127575115166932
2009-07-01,0.00144828254763332,0.00103994995190228,0.00104891910718423,0.00156629774871165,0.00238673942660823,0.00209500584954259,0.00113530623437357,0.0014511149124592,0.00248587219551403,0.00137086457572593,0.00118723292284804,0.000953090763908626,0.00162388916683788,0.00139871616318041
2009-08-01,0.00112942039986605,0.000742571680226893,0.000922903458858175,0.00191991586783879,0.000880908387122123,0.0016936365401316,0.00129542444814033,0.00113732535454578,0.00170450585281622,0.00145204136273243,0.000885354924129469,0.00133544328120645,0.00208839021445048,0.0012845551354557
2009-09-01,0.00185179712534614,0.000769821263467289,0.000877874778302061,0.00182442356825467,0.000637755856447011,0.00245641657057716,0.00166210317708065,0.0015833441707122,0.00229601713077798,0.00160111297092947,0.000963357114482458,0.00179032668135125,0.00155885204068298,0.0020731867712965
2009-10-01,0.00138222359907673,0.000787165976982857,0.000881227329169163,0.0016767631722364,0.000456755549175876,0.00204942149551689,0.00153327975364712,0.00124830574172674,0.00184057340845916,0.0016066157231483,0.000566759503427657,0.00146432799971393,0.00178397717112672,0.00134993982989415
2009-11-01,0.000896833190775888,0.000515143433472976,0.000675838800420874,0.00105722247131055,0.000763379514605824,0.00145972610471338,0.00122587608500254,0.00111139976645299,0.00258643019182807,0.00176887338207982,0.00155920418901446,0.00111323628493239,0.00176917946849305,0.00125985167687152
2009-12-01,0.00173084198631722,0.000764272027457209,0.00180220377629238,0.000945862296590435,0.00045811720528698,0.00263114742591458,0.00143806749976734,0.00114370011611979,0.00134249367390774,0.00151548229871361,0.00105449787865084,0.00137212155992422,0.00197710387761544,0.000557513984180957
2010-01-01,0.000547910079930482,0.00115646508800085,0.000629612274785603,0.0012322712481757,0.000970318850238147,0.00164415138512575,0.00101580254634306,0.00168879279056205,0.00162477869974773,0.0020387645633693,0.000558017567953796,0.00175954520672525,0.00204592403405248,0.00177428529342592
2010-02-01,0.00140330277832076,0.00155944422469762,0.00158653501192389,0.00197122419053691,0.000971327862003697,0.00288295232064282,0.0016668222540672,0.00175252765365576,0.00248693426737153,0.00241058750337023,0.000830455768427096,0.00241945357918974,0.00169243536199021,0.00105949606043101
2010-03-01,0.00145375911505625,0.00165925491325629,0.000718111137254821,0.00188273721458105,0.000831875769518735,0.00221773583527913,0.00158955721364796,0.00179954963762918,0.0018741936255968,0.00149018178388383,0.00101174080076603,0.00174469080309875,0.00193444841106465,0.00105805604631221
2010-04-01,0.00110748063961503,0.00175098942656803,0.000904745112690967,0.00171417426869376,0.000683349848214192,0.00216755545950155,0.00205660566864758,0.00113521808732852,0.00161381513969403,0.00207324813727568,0.000661664207274554,0.0026047984989124,0.00202533800031601,0.00096022000811795
2010-05-01,0.00104954693624189,0.00146303732348895,0.00113750079293258,0.00256353314013093,0.000958375255525937,0.00250185817964661,0.00176497647786002,0.00127908505004441,0.00259195725235414,0.00275713888565128,0.000879002262902636,0.00310680909639717,0.00182128839830223,0.00171402759745993
2010-06-01,0.0012677669617221,0.00152333040360945,0.000914093958810574,0.00172481394112739,0.000551806457857901,0.00269107347140935,0.00126058821335448,0.00232352155498709,0.00200382796101564,0.0030112456486053,0.000984924276037781,0.00250921184609625,0.00226848448416865,0.00180330158994672
2010-07-01,0.00130035161222236,0.00127607975925396,0.00131945924115494,0.00182606961907001,0.00125748855272496,0.00140208682572824,0.00196808578005537,0.00211526616507657,0.0019794470729342,0.00339754299317352,0.000733836235491652,0.00184001302396675,0.00224643745558669,0.00133133695643735
2010-08-01,0.00135459398981274,0.000897976085101167,0.00173139179807088,0.00309244182509676,0.00128240375552029,0.0022918932106667,0.00148958385881488,0.00175075990971031,0.00207943089510682,0.00453565959847178,0.00094903747033241,0.00208706075726781,0.00274498964053474,0.00110633001334359
2010-09-01,0.00120979925616883,0.00119067644133399,0.00172161577086601,0.00120192515594272,0.00169968077737899,0.00338192604711445,0.00231498546647648,0.00192240532663183,0.00289316939736516,0.00205795233766701,0.000893710375663538,0.00191453122640572,0.00202814324395388,0.00133072293821267
2010-10-01,0.00151235643802072,0.000808690595330525,0.00108230771405138,0.000992207531523098,0.000913715347970853,0.00226466532403907,0.00230335865395919,0.00127466883993998,0.00226300703847107,0.00228953960755915,0.00065668108493005,0.00194461620941407,0.00153280862669279,0.000612460136449912
2010-11-01,0.00180733121841457,0.00229631280045216,0.000923823860528032,0.0016610399088297,0.00207917963622581,0.00251632571486719,0.00177219826611269,0.00173188176347119,0.00353287753147067,0.00179754006777306,0.00126824198309397,0.00405526421569693,0.00185916672181078,0.00146464094596184
2010-12-01,0.00178291295234334,0.00250734975945289,0.00197899228263069,0.00152871429960555,0.00153223668278437,0.00302690127832805,0.00131913250046608,0.00168546035106281,0.00313139864596622,0.00245744933108635,0.00132148075591863,0.00296291131724625,0.00208348965026886,0.00117295359854528
2011-01-01,0.00162464032326645,0.00076662906911403,0.00186076207655357,0.00154675080984447,0.00163445317535111,0.00189265384582872,0.0015866155214384,0.00188590751002051,0.00245198641465431,0.00210853659169123,0.000950006742446106,0.00241702812910271,0.00185462904400066,0.0013486538583854
2011-02-01,0.00159991188199444,0.000642181181945271,0.00118228996894011,0.0012073706145565,0.00183905292159259,0.00175097902652107,0.00135785448825485,0.00144709492498294,0.0014640097790033,0.0016512397148838,0.000752419368491734,0.00102480684530231,0.00186588337969384,0.0009413991168571
2011-03-01,0.0014312403674469,0.0015272932063449,0.00511255828697941,0.00111760927469158,0.00157505428645992,0.00253080656742836,0.00162493808124673,0.00229571591752885,0.00216729167988623,0.00391800060543585,0.00097963282102595,0.00265392401839154,0.00279561522273277,0.00224105601473054
2011-04-01,0.000928755823459813,0.000797644528618145,0.00188068480600792,0.00124281311110381,0.00125622915057598,0.00205631295909815,0.0017611600907104,0.00160992473666048,0.00243806026407901,0.00196727924260102,0.000849479226578805,0.00283871198831611,0.00137331458596947,0.00257283047877672
2011-05-01,0.00126383220267891,0.00172701085043489,0.00143256965626238,0.0020491974648275,0.00137311518436217,0.00283456272697609,0.00108433632084682,0.00139916190538512,0.00255993969010365,0.00150901112013409,0.00151523968385697,0.00236515551549722,0.00145352027969389,0.00144729171597101
2011-06-01,0.00174145189390411,0.0016457747802641,0.00176392638368532,0.00175622084433176,0.00125536078635049,0.00241697084389936,0.000972182215107234,0.00202784110654468,0.00383222157183618,0.00235404227251197,0.00156871938672852,0.00311560641195528,0.00187180393463513,0.00167980757907564
2011-07-01,0.00199204190890376,0.00163562545018835,0.000690521132695817,0.00196572544485735,0.00138104226539163,0.0023158488360834,0.00214135923751486,0.00166937917581308,0.00196915802712428,0.00266253964504253,0.000762605360301179,0.00466545139779154,0.00178265439062151,0.00169226305759256
2011-08-01,0.00224667582562685,0.0020659871780423,0.00159096922401497,0.00294613408089915,0.00153642170776303,0.00380525746186723,0.002854085147224,0.00223928918280107,0.00351035995213017,0.0061911430945954,0.00109379134151029,0.00627182796238473,0.00349274565000715,0.00219667393572924
2011-09-01,0.00156744721175644,0.00167271124276631,0.00118093084789205,0.00256855200667328,0.00147095518333072,0.00314256992577401,0.00275276406094057,0.00178619902619884,0.00212556587617339,0.0031025476639838,0.00129990113293967,0.00627746434928689,0.00343972151331231,0.00183608979089623
2011-10-01,0.00273559523324047,0.00171667365194668,0.00113540207282903,0.00288260944585777,0.00112352784796379,0.00257840311359581,0.00306920440802589,0.00205932985520086,0.00322130757415687,0.00325919200586979,0.00108847061264735,0.00424757986608152,0.00362672753741305,0.00125640607859866
2011-11-01,0.00215166941609868,0.0032818164701207,0.00141662357319393,0.00306119015280166,0.00147121733028563,0.0033364102272124,0.00254226804931147,0.00214097579357557,0.00226423386371044,0.00302291824061366,0.00128830010291653,0.00663961394237933,0.00321090086812529,0.0014498300852394
2011-12-01,0.00237193610713513,0.00214406967175579,0.00180227001868679,0.00248823063503598,0.0015224547586614,0.00345282585630497,0.00218421194534594,0.00138726974907107,0.00289024369849019,0.00207854331339542,0.00123024262002728,0.00378104797565965,0.00357679464239217,0.00127510751403979
2012-01-01,0.000956954185865031,0.00156481241720317,0.00132703086553878,0.00259170235355773,0.00161493303838733,0.00232652929961827,0.00202638837043405,0.001849800600448,0.00195586982202378,0.0028038407967093,0.000741901753109735,0.00349270793903114,0.00397876140493335,0.0017233334516461
2012-02-01,0.0017339442363326,0.000825236690149416,0.00093889913240816,0.00246209425705267,0.00143025239842252,0.00183872680028988,0.00158831423218858,0.00175407196048258,0.00224305725894988,0.0012183193029609,0.000860756203355274,0.00239460718196154,0.00255385299950114,0.000722822093739195
2012-03-01,0.00142691192318768,0.00103955996260077,0.00111074002373426,0.00132924625791149,0.00160017191695447,0.00200242202987165,0.00164045210658815,0.00151519727032999,0.00200628451380912,0.000897751623753422,0.00107763301855589,0.0013209695066169,0.00109915257192183,0.00090051054085162
2012-04-01,0.00140097396349462,0.00209080953317601,0.0012148875291664,0.00232451404497543,0.00115975080788397,0.00229757223798514,0.00137528526380622,0.00172302254007612,0.00215158523731688,0.00243040161198374,0.00118731916852518,0.00211461857191161,0.00148681181367296,0.00126501182124134
2012-05-01,0.0021470418263587,0.00150384812659361,0.00110078007474082,0.00354859152641824,0.000882094216820692,0.00229038213659206,0.00289682191065629,0.00194918319300239,0.00330479048593586,0.00213846591036183,0.00093599997451529,0.00338013603362262,0.00342546587532035,0.00184565963561163
2012-06-01,0.00143230042465634,0.00233091106954412,0.00131047385712802,0.00134344526760587,0.00128644384610179,0.00257679955446366,0.00161392260101736,0.00157145095362217,0.00209005212181612,0.00235214689324172,0.000979083239952362,0.00430696034835209,0.00261871236439313,0.0012355896367207
2012-07-01,0.00161184390319584,0.00145591489787056,0.00118737049981034,0.00370533517839646,0.00120527345968102,0.00381159790795148,0.00235337295074277,0.00227483093324559,0.00319365703499571,0.00231929957550502,0.0016626652086352,0.00480665596786063,0.00376077660251212,0.00118275038113403
2012-08-01,0.00176428529751991,0.00108921433157367,0.00121593413746802,0.00403948181244112,0.00115603022922705,0.00268415588848932,0.00187948512106023,0.0012464620907062,0.00301938737499163,0.00283794765291564,0.00086169468008155,0.00253670011435772,0.00288978757350878,0.00155577361691194
2012-09-01,0.00120655961116856,0.000942567538588475,0.00127789234209666,0.00115534636845094,0.00188269635133325,0.00320753416592106,0.00236983183861151,0.00191074169853576,0.00238507387513461,0.00241738699256358,0.00105535860885941,0.00359285284922502,0.00216497886774106,0.00170223063889976
2012-10-01,0.00142795748868074,0.000805026881229619,0.00151381933929149,0.00226179707145759,0.00172472831461722,0.00324719146437287,0.00250094249429961,0.00181865772166119,0.00280232335248364,0.00271934277202761,0.00112369536034199,0.00242141943802925,0.00222203554332241,0.00116288063444622
2012-11-01,0.00162024923980187,0.00132582335182295,0.00109910937237306,0.00218975475617999,0.00225142095859036,0.00243823327765707,0.00211539257092043,0.00173693136789208,0.00149873054681673,0.00255672911758288,0.000999959792026975,0.00234392026220591,0.00294788630346042,0.00121276864740394
2012-12-01,0.00152306355174524,0.00142299367318117,0.00086393661826986,0.00132025526452205,0.00162446769535684,0.00403148184108476,0.00132892798733093,0.00146102022703552,0.00343906815998543,0.00137896292661297,0.000996695990498201,0.00110610572439492,0.00315620396991097,0.00149370972069978
2013-01-01,0.00119992054661788,0.0019379084901666,0.000974168623736805,0.00143303394524507,0.00192932010179613,0.00220476198596353,0.00118826487668652,0.00132813291586284,0.00328505855170692,0.00188269742207069,0.00111526357553748,0.0021710218887938,0.00307157575506939,0.00189373963568987
2013-02-01,0.00180232660244056,0.0018900561722086,0.00112822807003169,0.00193714630892233,0.00103275765587235,0.00306472930858808,0.00213002234833884,0.00246223358679872,0.00235450683568649,0.00233386458397636,0.00127723932456418,0.00217195192212504,0.00221517163664312,0.00128820552078518
2013-03-01,0.000688194535929979,0.00151996486852845,0.00102199311805799,0.00175077659228665,0.00102683955845186,0.00273278657709519,0.00238929511417943,0.00177016235386215,0.00252741866540482,0.00342098111302517,0.000921429479885121,0.00352215055624727,0.00191070912528447,0.0012546222569639
2013-04-01,0.00184552590891854,0.00168890152196533,0.0013781688024678,0.00121651230669681,0.00103095329404141,0.00358223246465272,0.00261292250362904,0.00195497427570512,0.00304945794357092,0.00207259981932058,0.00098503530107922,0.0029242842367288,0.00268211399987343,0.00168261138594311
2013-05-01,0.0012896469646066,0.000610570352505857,0.000635179397214699,0.0015982576874418,0.000593942619594478,0.00189755687984664,0.0010016546305815,0.00165479197934049,0.00224208350577042,0.00127301923169522,0.00144328721670775,0.000898562686530951,0.00244826739387153,0.00134285570992301
2013-06-01,0.00159241548186635,0.00121761757275324,0.00147319042786759,0.00158543954785578,0.00212639152158417,0.00245108954098504,0.00141865130742135,0.00116878603467928,0.00286457217506582,0.00260202338594091,0.00117132273795585,0.00183023141404471,0.00158353702039835,0.00105526856305281
2013-07-01,0.00134057112524739,0.00159449382744866,0.00143146724266355,0.00242546026860157,0.00104794426982374,0.00388624883946388,0.00130538553140887,0.00154288828981884,0.00195514616429343,0.00224542731346117,0.000826275028641105,0.00326991452072591,0.00222490238372204,0.000947078900820003
2013-08-01,0.00131661595205024,0.000702873122970934,0.00157024846621166,0.00176406199118407,0.00107674180540228,0.00170424300199506,0.00123167298740183,0.00112519518664538,0.0022061243212909,0.00230662022312844,0.000565887637728088,0.00204341667069678,0.00247530977264147,0.00126098429210445
2013-09-01,0.00163481168817468,0.000624906608714495,0.00174172035443134,0.00155908471624288,0.00137008546696773,0.00262562593437475,0.00117408624549719,0.00152981210524404,0.00321616904322104,0.00209362804752616,0.00120972246758274,0.00144135791113883,0.00154508477185213,0.00304816971053201
2013-10-01,0.00150565521594763,0.00139751093257996,0.00105694606230609,0.00169864197576949,0.00182710065490788,0.00212643925141175,0.00172552867605427,0.00173030853388267,0.00226923750403536,0.00262712935893719,0.000458268869298346,0.0030059330918383,0.00192090536479033,0.00154449156080342
2013-11-01,0.00108451715568125,0.000829810555118395,0.000827331658762552,0.000612907123982146,0.00103927729718712,0.00209156880024241,0.000984121853269613,0.00132063203357528,0.00231590892044619,0.000692851531458078,0.00105105205487737,0.00124254679836623,0.00155550746329139,0.000698429048258724
2013-12-01,0.00100332503292099,0.000927167352845507,0.000744109442939311,0.00116681950207385,0.00106760490968194,0.002754951674657,0.0011612299475729,0.00129887272715885,0.00196472840708483,0.001516865352696,0.000853804450020505,0.00149800060625529,0.00197660621039935,0.00130935314184814
2014-01-01,0.000767220222162137,0.00175902436722453,0.000864583194517738,0.0018570364260625,0.00155715847120725,0.0020030808845959,0.000706855179301664,0.000797727286833559,0.00262490573470701,0.00132543459700092,0.000645841049958821,0.00141565761805044,0.00127415676489363,0.000927544583307694
2014-02-01,0.00120083728440694,0.00207703532480435,0.00153859326554816,0.000867016324405227,0.00129921281289467,0.00209998961478482,0.000825042765583794,0.00191242027380155,0.00267515853800977,0.00209933377792824,0.00159565107207104,0.00228100058720225,0.0016973057848417,0.000825042765583794
2014-03-01,0.00157373015950785,0.00275462119171774,0.000878844029498916,0.0021220433825038,0.00143368479086386,0.00259024590733475,0.00179269940115883,0.00174344615710183,0.00289704021067772,0.00325724164613069,0.00119572634668489,0.00137137647006887,0.0021523074240328,0.000986845118876906
2014-04-01,0.000770499241466539,0.00160732841763324,0.00194165808849568,0.00108070893607437,0.00130113871906784,0.0020026280284726,0.00126227875732431,0.00112894888858358,0.00257882746122149,0.00150146852184914,0.000852239160996033,0.00127634874347283,0.00193964809047446,0.000799979212444389
2014-05-01,0.00100238091136536,0.00162676379392711,0.000832094670666704,0.00170099112961627,0.000791550327643214,0.00213076116566526,0.00145710131235189,0.00117329091118746,0.00224989915824198,0.00151822970644884,0.000969945436946571,0.0016542091953584,0.00183260430466175,0.00108845967039985
2014-06-01,0.00153957342798405,0.00137824088313542,0.000584089662370339,0.000939679761220377,0.00118003232803568,0.00164625045763906,0.0012880263580568,0.000841563233945089,0.00265243873734806,0.00147043090876321,0.000807321224426196,0.00145265140382071,0.00106479479600095,0.000419464616606433
2014-07-01,0.00156966876120967,0.00156605478862054,0.00063726383321559,0.00159135259674441,0.00128235794037428,0.00236173108699275,0.00119261095441103,0.00126850437878264,0.00189974492434969,0.00187083314363669,0.000456565203759374,0.00174374177425249,0.00156123615850171,0.000651719723572088
2014-08-01,0.00106386184951867,0.00193610038999754,0.000552439104991022,0.00200211109511827,0.00119267885659895,0.00254493699062569,0.00107155241710556,0.00166949404698563,0.00216489477570728,0.00305315533199214,0.000844680673292537,0.00125035811350056,0.00392347123057429,0.000892105840078309
2014-09-01,0.00175569021347556,0.00348627223655462,0.000704912445381857,0.00125352640554548,0.00128177311974154,0.00255538607760422,0.00143179455736066,0.00130813671965787,0.00306257152361361,0.00202372014595824,0.00118887281527448,0.00185926149886114,0.00261187950599636,0.00156424026170222
2014-10-01,0.00199305091743132,0.00112205791948522,0.00127971717116262,0.00105839927824189,0.00107029808968924,0.00296161416924571,0.0016027699019582,0.00145700946172815,0.00229111614418747,0.00292889243776549,0.00107743737655765,0.0024428259901412,0.00304371596823243,0.00144570559085317
2014-11-01,0.00163268980875041,0.00116897490262589,0.00101655607554318,0.00188327669395419,0.00297152128562526,0.00227078218653736,0.00134012316185012,0.00124647600114252,0.00335127666835676,0.00184646367215879,0.00142149931529259,0.00115864142282367,0.00211836335945465,0.00106693178957899
2014-12-01,0.00125899519236645,0.0017742518730103,0.0015625209093127,0.00153504948680763,0.00118060113302272,0.00230893955981628,0.00136218053543427,0.0019638716917648,0.00373544342599412,0.0025635527440096,0.00108679627568834,0.0018285246833252,0.00300510560817644,0.000992321383658708
2015-01-01,0.00160111210407741,0.00132741232473847,0.00152589207234223,0.00153410938673346,0.00186722667013212,0.00406693852255587,0.0015044006347036,0.00206760272105693,0.00351132164948677,0.00285646490261579,0.00142033118747017,0.0041194029144384,0.00233877409596779,0.00114410300370316
2015-02-01,0.00134932983374719,0.00147084920361714,0.00113086058409029,0.002704636029947,0.00166873320482613,0.00280822631245909,0.0020000893008103,0.00150405121724281,0.0038507695403051,0.00294103436696177,0.00125105187341521,0.00267209805659385,0.00203661151579854,0.0018015412593288
2015-03-01,0.00144782106836128,0.00195387958330426,0.00108432293994491,0.00159963862284417,0.00133179789664264,0.00320236296834044,0.000789327854404976,0.0015194098338898,0.00236428069603242,0.00112875734613503,0.00112690591254377,0.00165950164229475,0.00144226676758751,0.00139042662703238
2015-04-01,0.00123590781413929,0.00117274061042231,0.00147326336750006,0.00120974765906458,0.00160853051081319,0.00279020385711466,0.000748435656161787,0.00208196551240913,0.00167680213503255,0.00106427167474669,0.000899016060982062,0.0017757002822662,0.00119571050268303,0.00122633702569732
2015-05-01,0.00208721323947093,0.00155909779279028,0.000922273323220524,0.00218470068580375,0.000859853303626131,0.00333280823721972,0.00127294759060475,0.00141251594902368,0.0036645460941652,0.00160959488729361,0.00126944084793091,0.00158294364297241,0.00132414603364285,0.000897726124503628
2015-06-01,0.00132311487575195,0.000704751909764783,0.000614465720403211,0.000845702291717739,0.00115943056122593,0.00248644268256183,0.00115618285657264,0.00148744873120862,0.00206554015949494,0.00229222994429486,0.000660583126479985,0.0032938220593707,0.00215452726699519,0.00135559192228489
2015-07-01,0.00114975367578233,0.00112866865691685,0.000616426728008434,0.0010598322717972,0.00123223330840318,0.00207005273449915,0.000948825848946584,0.00185362121732114,0.00231811177997538,0.00183501678891042,0.00092277964917158,0.00321918626266779,0.00175935878004017,0.0014809125014931
2015-08-01,0.00108283534760948,0.0012601795707087,0.00101875842028531,0.00210871342648637,0.00179480120676694,0.00239414701183949,0.00136179651606118,0.00105824016338404,0.00304462491043335,0.00525366079889191,0.000657597557185435,0.0025443070839527,0.00280126203493953,0.00143493482704735
2015-09-01,0.00161961260749718,0.00100446516387983,0.00103118304664294,0.00127991381236619,0.00159416700486564,0.0034338840751256,0.00117304228131375,0.00190969247749667,0.00264443425348223,0.0045655772521631,0.00124619838887941,0.00153436983868154,0.0018371725099968,0.00132698817723453
2015-10-01,0.00227480812738184,0.00112368570859414,0.000671284842735838,0.00325521323829849,0.00113222157398769,0.00306376597161452,0.00174436506363963,0.00197239461058169,0.00325460353362752,0.00317412251705974,0.000871267974813363,0.00157547686978148,0.00262355919917558,0.00132001061264586
2015-11-01,0.00155452366939251,0.00114506458904567,0.000804063966927161,0.00120964804020448,0.00171469062826636,0.00398027809491734,0.00150350274297705,0.00115152293416155,0.00285394270670773,0.00247742118645188,0.00110954369090832,0.00117671048011348,0.00222877489949047,0.00194719105243806
2015-12-01,0.0010962718539372,0.000810198410200149,0.00118888555874416,0.00116899076289674,0.00112577103398683,0.00145437817919078,0.00124376775418533,0.00195380615770535,0.00195723629492043,0.00372650107045488,0.000866452660527339,0.00160461818921096,0.00286004840992754,0.000692201690001651
2016-01-01,0.00185793537520352,0.00165186622338886,0.000915715652115286,0.00280545591248634,0.00257818350389333,0.00515239139714071,0.00105022381230299,0.00264510628310002,0.00392392770754466,0.00706664792316174,0.00111515878618671,0.00163795158612807,0.00383381386623665,0.00205804111104926
2016-02-01,0.00143904325124435,0.00306187916206457,0.000912970058980106,0.00202904432510021,0.00229141500579908,0.00406008639650015,0.00243791640111318,0.00179064659999818,0.00323102168210903,0.00425187004127497,0.0013904314246174,0.00215423642655043,0.00266965497188275,0.00184791532725733
2016-03-01,0.00158708051370379,0.00193099256431245,0.00106050700430881,0.00202466510727979,0.00196377795435102,0.00351740398842361,0.00211833765024713,0.00165398947296617,0.00310524479936732,0.00217855571358328,0.00140174269654698,0.00156299328836933,0.00225416283754977,0.00281686718494643
2016-04-01,0.00183548340969219,0.00215203151038497,0.00134548429492117,0.00271512783823181,0.00130212154140161,0.0037552144547938,0.00109831659985968,0.00223813754951666,0.00364618810308748,0.00253052640181997,0.001390705452163,0.000913095695540426,0.00202442112145598,0.00227220828442489
2016-05-01,0.00162221960876019,0.00180432028935,0.00122101771088703,0.00194869493252678,0.00179416327927726,0.00321687019018009,0.00153225751954451,0.00217650215844391,0.00331408728659059,0.00264154811963142,0.00146478595263275,0.00127180276125072,0.00194651843036833,0.00321034068370476
2016-06-01,0.00223643363953654,0.00966141832485084,0.000656303890864552,0.00150012317911898,0.00124197698204559,0.00400345373427377,0.00198828826365728,0.00230518928524616,0.0030333740784435,0.00461787918638792,0.00131198273040447,0.00258833753530487,0.00231206484981712,0.00210704801533753
2016-07-01,0.00201429932119653,0.00727775657215085,0.000859808576622204,0.00278289675059546,0.00204874269147665,0.00511675400716863,0.00317197926672271,0.00219608377545271,0.00396290110278468,0.00613921183233584,0.00191862329264064,0.00356552666418258,0.00341053149792205,0.00138475105329882
2016-08-01,0.0014444502157702,0.002203497176204,0.00171512313187383,0.00287339649362515,0.00235143058381195,0.00407947366394848,0.00208011167029519,0.00181912871538859,0.00448709803163676,0.00430880274561146,0.0015032359803655,0.00218411725380995,0.00356009174378782,0.00172287510083145
2016-09-01,0.00267676096514513,0.00198482658449488,0.00142166888024343,0.00323863730943242,0.00280361560159768,0.00433355939881323,0.00249032309035881,0.00223597313747164,0.00149662843814721,0.00304002651498651,0.000745751499145269,0.00230836997544708,0.0030560435145386,0.00201878262354531
2016-10-01,0.00189206357589022,0.0024800329580508,0.000596985342018461,0.0011598388360035,0.00194744732930294,0.0030164825695949,0.00176390814648173,0.00155396508121957,0.00499097777847149,0.00299973864414454,0.00239309334513549,0.00170466041027278,0.00257341254229317,0.00142194566901484
2016-11-01,0.00290369859007837,0.00244621894731815,0.00121868021017454,0.00304606777350998,0.00738294947679983,0.0048873758792254,0.00212351546487318,0.00179701547087003,0.00236016468533282,0.0041021307386093,0.000775753861720654,0.00245444472236086,0.0035187334625029,0.00332511137303592
2016-12-01,0.00341760330764415,0.00231175013520998,0.00172491608985026,0.00318058681106294,0.004146110103085,0.00594354115506209,0.00307450010721072,0.00271931107975615,0.00469668666738131,0.00368684867628174,0.0018941176681462,0.00439118381768031,0.00402793757221165,0.00269178225154134
2017-01-01,0.00362119248755268,0.00276147534423808,0.00119109418462317,0.00361387291435109,0.0070440910829167,0.00765960064759627,0.00208275128372655,0.00220984569113606,0.00441569888779853,0.00528606268304272,0.00127160948984072,0.00179994959184675,0.00568131963592885,0.00348744392268718
2017-02-01,0.00190461514580796,0.00186367086172462,0.000802649155220035,0.00299246241774646,0.00501708667207457,0.00504038255784613,0.00162012296502197,0.00293810535094616,0.00413607862835021,0.00442339455286609,0.0021361621316586,0.00304681948454677,0.00300516926453095,0.00440927583421666
2017-03-01,0.00213654746795219,0.00274422378666528,0.000974905173187186,0.00189297730937243,0.00270237968249901,0.00338999697633571,0.00270237968249901,0.00163504275682515,0.00350928390015298,0.00318639730531776,0.00124595504196569,0.0015969458858678,0.00337438350463188,0.00288474503199975
2017-04-01,0.00273171311567724,0.00197917903113724,0.00226767441153928,0.00294178955227923,0.00323963765074917,0.00435620830008577,0.00208062005018135,0.00202810094103085,0.00398425789692403,0.00458283185326943,0.00175255547795358,0.0025446587543193,0.00432886958573346,0.00340079217745755
2017-05-01,0.00230836334298436,0.00160126123849547,0.00123643369865599,0.00267982411082092,0.00241316834533824,0.00425654240572719,0.00108453277752282,0.00174453896323243,0.00294448990790447,0.00264267803403726,0.000837776696031391,0.00111239233511056,0.00288943411552869,0.00396799698785414
2017-06-01,0.00231045325106295,0.00313182523891473,0.00122999077039886,0.000775893337517709,0.00221811780947558,0.00303122095181208,0.00153731619538367,0.00139123325794694,0.00370444279084832,0.00252199788216236,0.00113214276513463,0.00232561280117431,0.00213818563616115,0.00244413292022675
2017-07-01,0.00234283620826418,0.00170798603391595,0.00133544320147938,0.00311514871115852,0.00201080159824942,0.00296905348275203,0.00194837909156664,0.00257990891981472,0.00204533319769095,0.00202209077498992,0.00100672893756477,0.00159575833573096,0.002811005008385,0.0014888431913062
2017-08-01,0.0021794615953348,0.00185794570245972,0.00146326648531871,0.00195997162253699,0.00260233218512874,0.00277148042104631,0.0016122780264842,0.00193647881199288,0.0028547120926883,0.00416628214420791,0.00129277580308433,0.00238418465864774,0.00286813655585636,0.0011558462787701
2017-09-01,0.00137909814548903,0.0010709741477904,0.00116568173445146,0.00127336296312087,0.000912695715288368,0.00423784016203192,0.00140439674740534,0.00159900137753079,0.00408994064313658,0.00156656727250989,0.00145045317653503,0.00169824973889477,0.00196745281056832,0.00292750231918721
2017-10-01,0.00282929412497505,0.00215733677029348,0.000985398762644497,0.0024208494584039,0.00424810191411695,0.00426197100296487,0.00203806260620139,0.00195138080090191,0.00317463443728818,0.00265801087770328,0.00188134190221993,0.00150687650332617,0.00247701926823796,0.0022204411245515
2017-11-01,0.00283206573043082,0.0019312499748683,0.00127078202393526,0.00334207204757142,0.00253244516097402,0.00337854759515746,0.00126231448610279,0.00211883850531082,0.00304505687437076,0.00248945612274761,0.00163618884885976,0.00132158725093011,0.00292325459939593,0.0029030627784108
2017-12-01,0.00339308333331456,0.00132747456290467,0.00148866790268595,0.00202695154412751,0.000792108447974981,0.00310060130049875,0.00165350815060707,0.00305100334979682,0.00259441045068785,0.00169800042991322,0.000835871345653157,0.00108969615218658,0.00192994378760755,0.00214875827599843
2018-01-01,0.0019948793798265,0.000896070722202906,0.00102813411016142,0.00147281629930299,0.00238694256282835,0.00399079050487143,0.00144186394275021,0.00183856997923498,0.0041687665550499,0.00150067342020049,0.00095436432704397,0.00111634832633684,0.00314063244488848,0.0032448387119495
2018-02-01,0.0015785545482886,0.000791177838615925,0.000843850625400925,0.00187992977164608,0.00283618521008303,0.00275201735491113,0.00132333589067056,0.00160299037720948,0.00235832900007479,0.00299420357043803,0.00163177035349407,0.000982320322619224,0.0015861568061751,0.00135374492221654
2018-03-01,0.00275966737856533,0.0014944845934942,0.00113242910651041,0.00180374032195952,0.0029326494445687,0.00367285177351334,0.001841454435187,0.00214618447006502,0.00310261438151387,0.00267669632946488,0.00125311426883834,0.000997664008577556,0.00186810574186775,0.00218289287360644
2018-04-01,0.00299092665560534,0.000835046983773956,0.000940867120260084,0.00238725841585805,0.0051780589066062,0.00184116071668611,0.00137182373828131,0.00117060099169888,0.00157249819400112,0.00266524188320762,0.00100611373291215,0.00104284922070786,0.00313951347937602,0.00145626053112517
2018-05-01,0.00367948193258658,0.00130126641442673,0.000719849505853087,0.0035065824437396,0.00482932003651988,0.00238951613834592,0.00130635169351047,0.00281611455037032,0.00305625272932445,0.00208157423827533,0.00173408016755347,0.00188211829199108,0.00211773622287078,0.00132895293388262
2018-06-01,0.00203623099540237,0.00199122588990477,0.0018407088148517,0.00145866547484988,0.00222125198467027,0.00455001616580702,0.00105862009264902,0.00177970189406607,0.0029803380973964,0.00299683996941218,0.000906102790684945,0.00259379424684482,0.00371192109009622,0.00402845699876265
2018-07-01,0.00129928893177519,0.00178658639927871,0.000879187220316884,0.00253035621809988,0.0028068334128203,0.00254420572507103,0.00242674138816755,0.00165629844480935,0.00293866020139757,0.00402251235806593,0.00101050106419152,0.00228516865024021,0.00305766337240895,0.00109616282953161
2018-08-01,0.0024524676546123,0.00224235888403491,0.00169114443212897,0.00304323803643135,0.00315368641216273,0.00310282878798875,0.00137880669982811,0.00292405653331655,0.00251770925330014,0.00454019881262327,0.00118410933051557,0.00286446578175915,0.00240777459094425,0.00143737002463452
2018-09-01,0.0015555962368792,0.00225014893507499,0.00121925110458099,0.00222324132449114,0.00193398451071468,0.00493866769257864,0.000975961458885292,0.00225239123595698,0.00327544101336402,0.00216942610332342,0.00200069296195382,0.00206011393532651,0.00353554791567463,0.00250689238606262
2018-10-01,0.00205320418331234,0.00268461430473388,0.00137096230783792,0.00224706253945518,0.00228294377761015,0.00399726960056997,0.00297166420997366,0.0025809573945084,0.00298661472587157,0.00348546360633168,0.00107195198987982,0.00360257598086527,0.00295671369407576,0.00304841019158291
2018-11-01,0.0027958055673924,0.00202609361948684,0.00187744554489133,0.00324174979117895,0.00259726875543263,0.0040628776826946,0.00173643350152503,0.00180261243884495,0.00457092829381215,0.00326211254112354,0.000992684059798831,0.00255043443056007,0.00283805827352743,0.00265224818028303
2018-12-01,0.00223439875213151,0.00262213012466376,0.00106776577535488,0.00266597557920732,0.00136350766482515,0.0028215839570972,0.00191716399278694,0.00159735008905746,0.00302103778953064,0.00527263083756158,0.000484019429569081,0.0019610094473305,0.00215100641701925,0.00203924349367293
2019-01-01,0.00462685385414446,0.00217861183808201,0.000692949557409747,0.00387907949387869,0.00295424798340576,0.00410197377434253,0.00330656474930021,0.00183887781382664,0.00246082475770154,0.00714070588018216,0.00136073363154132,0.00304232717487937,0.00600736036540435,0.00147577584081298
2019-02-01,0.00322982191647397,0.00374996194903497,0.00184030497234675,0.00439559608469004,0.00359969927296179,0.00310845590887641,0.00244383253393736,0.00219036747045129,0.00326119544224749,0.00362033975044437,0.00117320474010979,0.00160252667174744,0.00254455806405235,0.00215899394467777
2019-03-01,0.00252022449741704,0.00325219433991217,0.00141677834474124,0.0018257253088184,0.00146716991377444,0.00367923058518074,0.00225728387438481,0.00289040871608404,0.00471871820792978,0.0042122183345704,0.00167390455596195,0.00234643818882817,0.00298602348809576,0.0020667003761182
2019-04-01,0.00278633408164932,0.00166553119730588,0.00165090294337722,0.00387300437349255,0.00292913370333385,0.00436548892242407,0.0022088663432275,0.00231196070424852,0.00291241569884395,0.00248819633491284,0.00123364941465024,0.0014182440475595,0.00341186608297959,0.00136948320113064
2019-05-01,0.00286197449060166,0.00138703882362104,0.00167669887560144,0.00449272728899241,0.00264622769326454,0.00417443417440246,0.00160544916166603,0.00184516782537394,0.00215813385854815,0.00277674118794995,0.000747123168556319,0.00203561098598633,0.00217478098797231,0.00205492165611836
2019-06-01,0.00277818880601059,0.00130042880281347,0.000796548684650155,0.00205949284348008,0.00344065780256578,0.00238315832710716,0.00202633335072542,0.00191027512608408,0.00127952390520726,0.00493788098629282,0.00113030618781126,0.00250354170297737,0.00407068816490446,0.00162553600351683
2019-07-01,0.00397054144624759,0.0017830731859649,0.0010863288063282,0.00419785269025106,0.00306837982344628,0.0036350480804521,0.0020767103736861,0.00182235359923462,0.00383209408800185,0.00327959253742117,0.00141473881891112,0.00209280890371467,0.00520948431724667,0.00159053476682315
2019-08-01,0.00306493334072607,0.00133235733877203,0.00198383148858427,0.00213215533819805,0.00277659689169239,0.00333217200080606,0.00230285563064149,0.00351182287038137,0.00230477361145546,0.00457246626050748,0.000951957810667734,0.00349775767774558,0.00477257559209848,0.00292044545274023
2019-09-01,0.00372074440865714,0.00221242844250993,0.00207966883442969,0.00371657394976456,0.00339475353855435,0.00509004507838524,0.00199278427416776,0.00250158025906165,0.00424066161726456,0.0026489364732659,0.00205325592811006,0.00234935850948274,0.00485232892150859,0.00165706233331564
2019-10-01,0.00347529600448928,0.00380276560124257,0.00144272609360679,0.00377818877552275,0.00274596209529027,0.00286087536149376,0.00177617383715679,0.00230822890206427,0.00256728192992184,0.00232151367272363,0.00152974134142562,0.001313199579678,0.00488082474024986,0.00172901290131606
2019-11-01,0.00281429475847065,0.00188024585062331,0.00150905589447011,0.00241475938748393,0.00337040480187108,0.00389546986712052,0.0027380320947519,0.00282981724754615,0.00304780698543248,0.00354587641750714,0.0015623722699903,0.00186134890740097,0.00406419257446289,0.00420726943028921
2019-12-01,0.00298750431711743,0.00178847851361482,0.00236898883115897,0.00288019560630054,0.00161857305482142,0.004705934088949,0.00200607673277129,0.00171470377492821,0.00387950797578282,0.00253665869181036,0.00115505904004291,0.000758612969524954,0.00269687655865502,0.00159025547835585
2020-01-01,0.0037341861608217,0.00196103698833413,0.00282101096982544,0.00266410107343744,0.00414969434138562,0.00444465800927379,0.0024209917489908,0.00326143617256257,0.00386213843684624,0.00420828301514423,0.00154014134351654,0.00168088884714354,0.00394631756580976,0.00189975458244869
2020-02-01,0.00241691066757743,0.00165646287646411,0.00177225994029195,0.00329951023943598,0.00298954126979926,0.00359465153626548,0.00166069935440903,0.00345272952511062,0.00542904648641627,0.00509648296773997,0.00320277732636028,0.00273252827447405,0.00430496767169723,0.00283985238241205
2020-03-01,0.00525566727655515,0.0010824090949904,0.00230691837895881,0.00538144974048305,0.00225252596212512,0.00853824963246825,0.00447853562104383,0.00607767267595427,0.00914812460621598,0.00817925968136591,0.00614430338657553,0.00808067342585484,0.00549091447936085,0.00283860425350812
2020-04-01,0.00487322499917413,0.000901848013643548,0.00173028080766744,0.00438327500718612,0.00209349294683836,0.0076065895443817,0.0035710708406571,0.00815681729563637,0.00743193860086547,0.00672483411716037,0.0047967186124126,0.00363057580813829,0.00498837097520917,0.00260198994167766
2020-05-01,0.00446083244541474,0.00112794791416028,0.00164590646408823,0.00512558394708438,0.00277917847494381,0.00785076086983306,0.0051096116569985,0.0064185788587988,0.00598808761172212,0.0046395699773282,0.00456503262359407,0.00555303285319233,0.00656613239578268,0.00336558969666841
2020-06-01,0.00425299883302372,0.0012714149411201,0.0020226036629459,0.00493691692304423,0.00297037211993607,0.00645798065330842,0.00475678112009893,0.00512751704649257,0.00536894386952713,0.00346294263504374,0.00354665719906811,0.00199569541022378,0.00472165090126728,0.00157338533277942
2020-07-01,0.00379691436193627,0.00170650094932975,0.00145256932004197,0.00415402665325655,0.00216612389838362,0.00358720301637671,0.00293930885932847,0.00387061483481663,0.00446356863935406,0.00426122734108253,0.0027403175825515,0.0020783533352261,0.00549537525967907,0.00119729768215636
2020-08-01,0.00299942755414833,0.0014135314498,0.00229018938543309,0.0027246330843971,0.00337594542658381,0.00486930149099021,0.00190519456277392,0.00347201752911894,0.00365427195892824,0.00418196211035283,0.00289346567635223,0.00111471895441499,0.0031724986212153,0.00246820534013054
2020-09-01,0.00330133849839703,0.00133617295113806,0.00184369527897368,0.00250549880963141,0.00230235025749913,0.00502146919411499,0.00247129166511429,0.00391567088972487,0.00454396538085562,0.00325386735906715,0.00189744936321487,0.00223742649341562,0.00478481160245574,0.00160075474240313
2020-10-01,0.0037511004718899,0.0014447909183041,0.00197385088386754,0.00278507616439814,0.00371321716571375,0.00479876983579577,0.00283667584005186,0.00400844568970718,0.00468642623816995,0.00500843434066721,0.00397644082759285,0.00257345217817277,0.00571711343034169,0.00342386708578215
2020-11-01,0.00323001415040502,0.00117379736119892,0.00103639402303504,0.00306084923658518,0.00308846799802515,0.0046613564620317,0.00293656481010529,0.00351241598612876,0.00403302963927228,0.00514330384915926,0.00262240139872558,0.00226611937614991,0.00405443417938826,0.00252987854790167
2020-12-01,0.00342618933714961,0.00214792125496007,0.00104272205356136,0.0025077034511269,0.00118132078382124,0.00384773055301774,0.00259028818677398,0.00370338679766937,0.00393390592934512,0.00314181059526924,0.00153248544235533,0.000849545584960803,0.00325312045635878,0.00132638266730567
2021-01-01,0.00322775475854231,0.00118553334740081,0.00173796269074571,0.00200380490604103,0.00273756015346019,0.00424732880390905,0.00121011991066511,0.00436411497941451,0.00488581111867902,0.00272449854172603,0.00209293119787414,0.00147903544636847,0.00535218749059885,0.00312864017538308
2021-02-01,0.00240928086778564,0.00114355905575664,0.00165172720758781,0.00254517789843181,0.00202833546804875,0.00440291922162685,0.00259216357392118,0.00385065682049027,0.00320008592909901,0.00302009464914743,0.00189532986358654,0.00169076146107129,0.00239337802377385,0.00151077018111971
2021-03-01,0.00308647113677114,0.00130686697895855,0.00251193321953669,0.00178660295857625,0.00210727528447455,0.0033772394957702,0.00139085258812239,0.00331106901582293,0.00354266569563837,0.00347840397953573,0.00169180102095949,0.00105745516992654,0.00280206532392087,0.00305338589679751
2021-04-01,0.0011532088302709,0.00121401698819461,0.00066173583622865,0.000890660666059102,0.00169690530111822,0.0029910459797535,0.00202884630437238,0.00384307558077871,0.00479311362457509,0.00191152232908427,0.000817690876550645,0.00120972464763529,0.00226277886485537,0.00224489411252487
2021-05-01,0.00269637651084187,0.00111618143581972,0.00169263779857685,0.0027878299259997,0.00172337214301514,0.00474058522506644,0.00230957354181368,0.00235904834017775,0.00379456711089284,0.00403069683035773,0.00132757375610257,0.000961760095471259,0.00225335218003633,0.0026588956029903
2021-06-01,0.00238403573571502,0.00117023341795949,0.00230234404859743,0.00205454593100741,0.0029170739941573,0.00328740964242371,0.00176249814956202,0.00231187474542782,0.00363528007673279,0.00150857315543817,0.000866612647505775,0.00192383923161926,0.00277479430576083,0.00168421028274099
2021-07-01,0.00146268910465299,0.00114820775768661,0.00187987125661246,0.00146970592983886,0.00265746306584578,0.00307592100420268,0.0012687695722437,0.00219817996277114,0.00285903731663965,0.00314545136286259,0.00212035699252793,0.00204955084747059,0.00261472422153189,0.00114756986448789
2021-08-01,0.00191662808236022,0.00106517639829012,0.00281220357839832,0.00235441902923027,0.00309625061794235,0.0035285260883164,0.00115273458766413,0.00340098069434639,0.00390702566285444,0.00368089112651842,0.00145332805669616,0.00152502925114417,0.00332031685059238,0.00193386394641022
2021-09-01,0.00327567601552627,0.00129548618348258,0.00275150811880882,0.00207128453774103,0.0028993503460881,0.00250659776250779,0.0013216199105269,0.00220195317296261,0.00289039021110148,0.00335781058623698,0.00135372706089563,0.00240878295557049,0.00401190044026047,0.00441286648091185
2021-10-01,0.00152810060370395,0.001005719763705,0.00235344671413577,0.00185292934726084,0.00209030419832165,0.00224412934851566,0.00136880958522893,0.0024252838401147,0.00164366467593092,0.00200363114415142,0.00156558084334513,0.00308040719550949,0.00356765031084484,0.00277822276340248
2021-11-01,0.00312499071679245,0.00201341156539443,0.00337558700604755,0.00247139788713651,0.00316191242712157,0.00272199417639161,0.00211632101333304,0.00245097311120976,0.00350442020804703,0.00252874437339238,0.00244547413307564,0.00241955037901476,0.00286575317618372,0.00226636455956415
2021-12-01,0.0036592589914941,0.00213437011817543,0.00280788246657746,0.00246005918805998,0.00341183015927599,0.00456913306779778,0.00101501156731009,0.0027106500500828,0.00369799385660173,0.00323712801256607,0.00325372866904077,0.00321657481883549,0.00501102673300521,0.00265215249869577
2022-01-01,0.0015574080684651,0.00197024355747029,0.00241070666046245,0.00153688469807478,0.00440620975072082,0.00268540407953282,0.00153135917527739,0.0028022294186777,0.0028195953474695,0.00443067992310927,0.002742238028306,0.00387812764337001,0.00559735459375874,0.00247622357363153
2022-02-01,0.00229254895417389,0.00162159734112917,0.00281893956393966,0.00186122291721657,0.00546346313479275,0.00332568873304253,0.00259188450987652,0.00254160242177949,0.00317719944163099,0.00346867842106845,0.00204663811707436,0.00215034492377448,0.00289122006557914,0.00155795907338137
2022-03-01,0.0032374499128582,0.00190250310856395,0.00463017190980266,0.00382199892084856,0.00812047325402413,0.00354399828797872,0.00216622987030844,0.00328910773216898,0.00410679663520665,0.00697652443954999,0.00184132937516961,0.00523443245410897,0.00626962796477095,0.00263454878484955
2022-04-01,0.0028480595933248,0.00304964031637657,0.00610931784717895,0.00362427084225443,0.00555141601201077,0.00311990081735727,0.00247166405235676,0.00269833781147307,0.00412111295633224,0.00392706014409983,0.00188950561565954,0.00295345034479585,0.0061879426935145,0.00471414504199077
2022-05-01,0.00303033182663649,0.00226556706895344,0.00400783317681209,0.00382692943210128,0.00447290331879396,0.00382925866486579,0.00246432826485889,0.00317707349080106,0.00345114654609255,0.00624855509627735,0.0016118290730457,0.00391621668807442,0.00800867865533063,0.00255128628806752
2022-06-01,0.00300131531145801,0.00190883332726589,0.00421901933057591,0.00362903089679103,0.00299328825793713,0.00253092997513429,0.00230376436049331,0.00314178874807346,0.00764657118399279,0.00505463560209979,0.00135015040221246,0.00502333009336835,0.0054575936888481,0.0024209593418982
2022-07-01,0.0042962332467414,0.0020415500527401,0.00726136024494672,0.00449531365341396,0.00392852002500504,0.00434541781780168,0.00332893668255594,0.00447189242909954,0.00577098967107259,0.00589199933003041,0.00259741377646895,0.00306505755528016,0.00504024747246275,0.00258414174935745
2022-08-01,0.00338906467312192,0.0012908193033991,0.00458806202724925,0.00615207060120901,0.00362127555309848,0.00331090218737818,0.00316292466582449,0.00331014332829329,0.0035628434035619,0.0083428967792885,0.00214150033756159,0.00427692980244406,0.00684642666388401,0.00233500940420872
2022-09-01,0.00328999288738444,0.00231441640438472,0.00475335761188403,0.00383409489335014,0.00373495094182578,0.00489533175046692,0.0023167958592213,0.00424653373169149,0.00590342744956663,0.00591135896568858,0.00251984267194319,0.00437502429286706,0.00736203326439305,0.00340658617437709
2022-10-01,0.00322886979738338,0.00221082797916997,0.00245032134176883,0.00265158937939263,0.0035994214170396,0.0050004965936766,0.00297923502203603,0.00376558456438018,0.00493730779116681,0.00244564068973107,0.00290824513279663,0.00200175885481656,0.00543735745053447,0.00371409739196479
2022-11-01,0.00496524784244554,0.00184973424879541,0.00352167217208933,0.00353472144368577,0.0031815755311071,0.00452728166449001,0.00208135881963223,0.00387726482309232,0.00375655906082525,0.00453706861818734,0.00309675526573024,0.00250953804389043,0.00540321402040106,0.00272892892260558
2022-12-01,0.00548670690806139,0.00177165628346822,0.00434934731867439,0.00231117301176719,0.00284744939935565,0.00372882207261281,0.00364619338449495,0.00317796415182708,0.00457212074252156,0.00449597273582471,0.00277292156301405,0.0024172941700362,0.00544053205293671,0.00288795365823695
