"date","T1.unternehmen","T2.eu","T3.strom","T4.euro","T5.china","T6.menschen","T7.bank","T8.bundesregierung","T9.Â Â ","T10.aktien","T11.hamburg","T12.ezb","T13.jahr","T14.spd"
2001-01-01,0.0385364677069225,0.0405031819952873,0.091192459691634,0.0644933855316622,0.0338052210698184,0.129636157856653,0.0423400189249865,0.0541403046551756,0.10941239772158,0.110989479933948,0.0510232480472011,0.0832884947214131,0.0773697979479377,0.0732693841957808
2001-02-01,0.0860744450575103,0.0587835830397691,0.0543695089342558,0.0776707270489368,0.0452230380713892,0.100377742880183,0.0654683587284071,0.0822757947455541,0.0782012648020033,0.134310937566317,0.0339756377063792,0.0796443274903442,0.0745723865710284,0.029052247357922
2001-03-01,0.0615024548190121,0.0625582909532441,0.0406496911679307,0.0696147957836944,0.0335051999929611,0.138314533584388,0.0459816636458022,0.0507153289809422,0.0937934432576064,0.124905414679642,0.0422334453692787,0.0988790539708237,0.0894469178383515,0.0478997659563236
2001-04-01,0.0661838370345634,0.0750960093504759,0.0478585740524295,0.0843629988311905,0.0374227750876607,0.115566037735849,0.0487977959592586,0.0577517114710302,0.110222908665887,0.114042411086993,0.0443938887961262,0.0809609283686759,0.0765152780096844,0.0408248455501753
2001-05-01,0.0916989223357745,0.0591183759850742,0.0261758235638105,0.0629333630363955,0.0398763610035922,0.178719612375038,0.0456684581326056,0.0619865779287683,0.0952632897997828,0.0778591517919301,0.0572526523906324,0.084960040099134,0.0604828604048899,0.0580045111525716
2001-06-01,0.0749726775956284,0.0539071038251366,0.0649180327868853,0.0541530054644809,0.0449453551912568,0.128224043715847,0.0358196721311475,0.0733879781420765,0.124098360655738,0.0679234972677596,0.0475956284153005,0.0900273224043716,0.0841803278688525,0.0558469945355191
2001-07-01,0.0701794490798948,0.0809235341181849,0.042999199908561,0.0663847296833924,0.0552291690478912,0.137707166533318,0.0328951880214882,0.0766944793690708,0.102708881014973,0.103120356612184,0.0418562121385301,0.0684421076694479,0.0750942964910275,0.0457652303120357
2001-08-01,0.0729974422475742,0.0439486825545045,0.0363363241443709,0.0682473305996509,0.0270593966952215,0.126832040924039,0.0526166213308432,0.0641671064918193,0.12539076773172,0.0862124964475661,0.0599041857821445,0.0620356461369818,0.102452194389184,0.0717997645243798
2001-09-01,0.0453346058836739,0.0305131372108691,0.0290815180777004,0.070401976195823,0.0861497866606782,0.0875814057938469,0.0739810240287447,0.0463872670110038,0.0706826858297777,0.182026162137885,0.0376852683584101,0.105069615989221,0.0914271277790254,0.0436784190433416
2001-10-01,0.0492076730608841,0.0387985659044875,0.0292343186421585,0.0885911419689568,0.0663648278327177,0.117836292148219,0.0604508085742448,0.0617614245637598,0.0602775039805899,0.134841805400604,0.0406507587491741,0.104264376157621,0.113395361935812,0.0343251410807708
2001-11-01,0.0629008627706332,0.0533778284225948,0.0351131369037929,0.090004883607358,0.0556568451896468,0.0979814422920397,0.0526941233924792,0.0834120136741006,0.10459059091649,0.086797981442292,0.03968744912909,0.0722773888979326,0.131580660914862,0.0339247924466873
2001-12-01,0.0564671372261435,0.0503437528646072,0.0385919882665689,0.0687139059492162,0.0337702814190118,0.12994774956458,0.0275002291685764,0.102392519937666,0.0941607846732056,0.0721972683105693,0.0492804106700889,0.0930607755064626,0.146796223301861,0.0367769731414428
2002-01-01,0.0648166620117304,0.059310537445637,0.047679846786099,0.0687667078961018,0.0493755735546423,0.122231975421937,0.058372900291266,0.0748713242628576,0.131468698878825,0.0825320193113354,0.0528268762717951,0.0509516019630531,0.0737940390216654,0.0630012368830547
2002-02-01,0.0788685896539183,0.0511428811235766,0.0440086170718742,0.0836807207005568,0.0401197437260443,0.107545533391154,0.0489326581428531,0.0790364546904289,0.0671739921103433,0.102677447332345,0.0528774865008533,0.0572419774501301,0.136082589597963,0.0506113085079596
2002-03-01,0.0785126176218991,0.0349390504704876,0.0590248075278015,0.109789349871685,0.0503368263473054,0.113799187339607,0.0439210863986313,0.0736473481608212,0.148043199315654,0.085463002566296,0.0552288280581694,0.0388954234388366,0.0706800684345595,0.0377192044482464
2002-04-01,0.0786691478701867,0.0501625733625079,0.0312468047688186,0.0766650988732337,0.0279544385595387,0.094210752336353,0.0502034723216294,0.0551113474162083,0.106439541113679,0.110549886505388,0.0587104558188994,0.0608372016932169,0.112922026134435,0.0863172532259054
2002-05-01,0.0708209513871561,0.035410475693578,0.0467980854297575,0.104530090964771,0.0360683256584171,0.127486786289499,0.0648776172220584,0.073293559875689,0.0950026087153778,0.0946850259737314,0.0335049792436994,0.0568473107547127,0.108114239049067,0.0525599437424858
2002-06-01,0.0867502541511352,0.0796539557876692,0.0454083361572348,0.0826639025654315,0.038531305439831,0.111567365000897,0.0534614387944266,0.0605776705802619,0.0835808399944186,0.122909482329021,0.0353220244383758,0.0699862459385652,0.0847768453365758,0.0448103334861562
2002-07-01,0.079374792384216,0.068045526863297,0.0449848768292043,0.0967183593545116,0.0378166687064007,0.073640225885973,0.0621361260205955,0.0433938842946308,0.106439148906411,0.12638774760914,0.0345122995961327,0.0916131964963197,0.0939384932776195,0.0409986537755477
2002-08-01,0.0782195548887222,0.0665499708260398,0.0459448195382179,0.100275068767192,0.0378928065349671,0.10495957322664,0.0719846628323748,0.052863215803951,0.097341001917146,0.0944236059014754,0.0303909310660999,0.080320080020005,0.0921063599233142,0.0467283487538551
2002-09-01,0.0587983567271482,0.043118794933242,0.0421259842519685,0.0611776788770969,0.0565217391304348,0.0944368366997604,0.0702841492639507,0.0573776104073947,0.078226634714139,0.117836357411845,0.0293563847997261,0.0907737076343718,0.0930674426566244,0.106898322492297
2002-10-01,0.0497033044803745,0.0427713357649663,0.0411381494184042,0.105195347233564,0.0595024225597474,0.0936723102328198,0.0649100840183643,0.0816774638430689,0.0767234652584971,0.106792240550202,0.0379262162701653,0.0828388408006242,0.110929645961493,0.0462191736077086
2002-11-01,0.078278484883232,0.0425983258800596,0.0274433360088675,0.106027596223675,0.0302335359094905,0.101823185414517,0.0783549287161258,0.111359553568016,0.0896303940679586,0.0776478232618583,0.0330237358101135,0.079520697167756,0.102148071704315,0.0419103313840156
2002-12-01,0.0412049225494398,0.0314292128410784,0.0438784464989081,0.0594501928610788,0.0601236759933876,0.122288209963469,0.0518582011877793,0.106145023367824,0.107614441111043,0.0703279658768546,0.0584297638727321,0.0776546460131839,0.130818996306047,0.0387763015571746
2003-01-01,0.0406005574035782,0.0281758518385328,0.0473253618628068,0.0985885102939854,0.0553447810842399,0.115706194372022,0.0568551649734784,0.060774970781264,0.0863076508136294,0.147675986694237,0.0493392070484582,0.0675177560010788,0.100062932662052,0.0457250741706374
2003-02-01,0.0566880545236853,0.0280446995978264,0.0360114205016425,0.116921990605716,0.0693058668222147,0.104733982132441,0.0713474349921714,0.0945568415558899,0.0496730420900746,0.100696896202376,0.0293341110735886,0.104319528443803,0.102109108771068,0.0362570226875019
2003-03-01,0.0553340293588599,0.0345538937596699,0.0515478182115498,0.116215298305639,0.108479351941534,0.0901269198354696,0.0632209210178744,0.0529817985131888,0.0599252820790199,0.118781368319098,0.0267047384243827,0.101196241462157,0.0966553038402999,0.024277034931257
2003-04-01,0.058117145282511,0.0414501335431375,0.0205180231474772,0.113149340566057,0.111741443922234,0.0810989875566782,0.057330379510963,0.0575167187726454,0.0816580053417255,0.12540632311228,0.0207250667715688,0.077310089235802,0.111762148284644,0.0422161949522764
2003-05-01,0.0824290255398444,0.0360188534473309,0.0327743066973583,0.103803573385948,0.0597391209032117,0.129058423764113,0.0694727611531294,0.080938287843911,0.0995725090430779,0.0593664364792283,0.0573057108407322,0.0656143812342431,0.0833936205195659,0.0405129891483065
2003-06-01,0.0626123829204799,0.031212259467003,0.0514210568691125,0.0820965620890475,0.0683288156517538,0.129787176941038,0.0587477523415904,0.129867690078098,0.102439548052924,0.0458119749872521,0.0358283459917877,0.06537666729288,0.0844851184885,0.0519846488285339
2003-07-01,0.0965735849056604,0.0366490566037736,0.0361660377358491,0.0974792452830189,0.0385509433962264,0.123683018867925,0.0416603773584906,0.107350943396226,0.097177358490566,0.10822641509434,0.0472150943396226,0.0701283018867924,0.0701584905660377,0.0289811320754717
2003-08-01,0.0830462282100067,0.0480022625597779,0.0332442021905692,0.0846403044171337,0.0601120995526302,0.110351210983699,0.0366637527639225,0.104489124286522,0.119658559160796,0.086517200596493,0.0491078315421402,0.0295418316449838,0.0992955211600761,0.055329870931249
2003-09-01,0.0455091189754731,0.0194385684066091,0.0703409372439159,0.0588683704000152,0.0651573190021535,0.121834086101424,0.0533607760181427,0.0812989537476417,0.117679568540011,0.0803460827473177,0.0818325615078231,0.0717702437444019,0.0804604272673565,0.052102986297715
2003-10-01,0.0552924585885374,0.0462419229231125,0.0270042726947444,0.0623013617899013,0.0295300035781187,0.117446486076909,0.0561975121550799,0.119130306665825,0.114689229862558,0.0841910294458126,0.0703837006166993,0.0585969564942855,0.0981877880911789,0.0608069710172381
2003-11-01,0.051772838119967,0.0422638993666556,0.04586045369217,0.0565623958315058,0.0702819347707855,0.123809189634906,0.0472639870874928,0.105229916314321,0.153967613466903,0.063597606975561,0.0400357901015807,0.0381410200178951,0.0925454832540922,0.0686678713661643
2003-12-01,0.071059123100183,0.0477706161640275,0.0359672157237209,0.039654120580356,0.0463382934139678,0.172515317896077,0.0647197687064004,0.0692819819102942,0.110103180286995,0.0835786849155195,0.05320813771518,0.0579825468820456,0.0952229383835973,0.052598074321636
2004-01-01,0.0925242693042363,0.0367375775178585,0.0441164926603344,0.0640552633644713,0.0668550645000916,0.161263312138577,0.0396420441164927,0.0941727503467043,0.123086584504278,0.0658607426014601,0.0404270350890965,0.036763743883612,0.0855901823795693,0.0489049375932177
2004-02-01,0.0670495692346111,0.0576851042577101,0.0481333499812711,0.0397365463853165,0.0437944812086403,0.132038956174304,0.0953614683481084,0.0663316269197153,0.128636533899363,0.0879635410163566,0.0405169184667249,0.0412972905481334,0.0705144212760644,0.0809401922836809
2004-03-01,0.0562567521277437,0.0612368580538062,0.0709599220046903,0.0781270585755316,0.0475086295486285,0.097494137176886,0.0340965982451055,0.0728044056810097,0.0881136201944613,0.141471897973703,0.0295907881215251,0.053279228478828,0.124792495586414,0.0442676082316672
2004-04-01,0.0564382968356658,0.0760089868175297,0.0296943940665349,0.0485612971334218,0.0559239910131825,0.112091600573857,0.0701892104052188,0.0930622851419755,0.116449665701215,0.0719216089651625,0.0672657878353139,0.0624475543404705,0.10708388598652,0.032861435183932
2004-05-01,0.0537406076445606,0.0465067438278807,0.0681383301442106,0.0522471647920848,0.056820833527792,0.103630932935082,0.0666215522471648,0.0890465300788724,0.118892052083819,0.10783124095767,0.044616605217716,0.055747421477575,0.0811126149250945,0.055047370140477
2004-06-01,0.0492603084671073,0.061882278879446,0.0763613471828769,0.0766131570664149,0.0598048473402581,0.106924771797293,0.0569405099150142,0.0728360088133459,0.111835064526283,0.0904627006610009,0.0322316650928549,0.0806106389675795,0.0692477179729304,0.0549889833175952
2004-07-01,0.0803086596170334,0.043498142326379,0.0406401829094027,0.0739639897113461,0.0630465847384967,0.128179479851386,0.0587310660188625,0.0666761931980566,0.1120034295513,0.0873392397827951,0.0433838239496999,0.0536438982566448,0.112346384681338,0.0362389254072592
2004-08-01,0.061277705345502,0.03343814709717,0.0378096479791395,0.0632461589590204,0.02625456962446,0.128332949868344,0.0356366797044763,0.103152082214894,0.107881483753867,0.132602193419741,0.0363780453511261,0.0446864534601324,0.100774599279086,0.0885292839430427
2004-09-01,0.0523707473881597,0.0397535494240557,0.0455129922314492,0.0532011786766676,0.0738280203589606,0.172542191267077,0.0769890168765068,0.0650415215644254,0.109670506295205,0.0832306455933566,0.03779801768015,0.0270559871417091,0.0649075810340209,0.0980980444682561
2004-10-01,0.0735411864612398,0.0381171903433216,0.0669416474584496,0.0537910954749484,0.0448137813902705,0.141793036515832,0.0693922115734563,0.0719155647215819,0.0835132839985442,0.0959116826398156,0.0461967730195317,0.0729346111852481,0.0902341380565328,0.0509037971612277
2004-11-01,0.081034965034965,0.0456223776223776,0.0423216783216783,0.0779300699300699,0.0508531468531469,0.122321678321678,0.0797482517482517,0.0673566433566434,0.13641958041958,0.0914965034965035,0.0476923076923077,0.0448671328671329,0.0695104895104895,0.0428251748251748
2004-12-01,0.0486162515819384,0.0541082642852026,0.0518875808877958,0.0627999713460207,0.0427421858210559,0.163638100241171,0.0585257527639151,0.0523412688937176,0.179994746770458,0.0666443802383056,0.0518398242555935,0.0480909286277132,0.067671147830655,0.0510995964564579
2005-01-01,0.0499638939513772,0.0412296688559541,0.0579759980743441,0.0588356658986967,0.0544341666380111,0.132835872218975,0.0636154190020976,0.112513324851277,0.121178776520752,0.0835940992400536,0.0534713386747361,0.0395447199202228,0.0778515181733778,0.0529555379801245
2005-02-01,0.0943460280229615,0.0474970680822171,0.0493796679217332,0.0187642738102586,0.0493179433368311,0.156163199802481,0.0528053823838035,0.110703043022036,0.125979877785322,0.0482686253934942,0.050027776063206,0.0359854329979631,0.0901796185420653,0.0705820628356274
2005-03-01,0.0822497355814098,0.0373607913892864,0.0348099296957631,0.0466621041498165,0.0489329932184409,0.152802837055932,0.0602563304921297,0.124276737385678,0.129813973744789,0.0408137870963728,0.0458844024139862,0.0459155104834194,0.0832140857338394,0.0670067815591364
2005-04-01,0.0709290071216428,0.0793280746016032,0.0493724651103376,0.0380991920288698,0.0228339667230863,0.177562034937566,0.077316130680548,0.104972375690608,0.10583463737106,0.0660428575990803,0.0247181681729633,0.0391530674160892,0.0769329032670137,0.0669051192795325
2005-05-01,0.0830194642716043,0.0671899280954513,0.0152237469381305,0.0730634498380172,0.0215450259435826,0.160560486738483,0.0581821055126821,0.0747491242394711,0.105170279453209,0.0843890747227856,0.0477783338162088,0.052045197144889,0.0793320515184239,0.0777517317670609
2005-06-01,0.0617937348018881,0.109998569589472,0.0444857674152482,0.0674200162113193,0.0486577981213942,0.158298765078911,0.0555714490058647,0.0713298049873647,0.103776283793449,0.0618652553282792,0.0391455681113813,0.043961283555047,0.0625089400657989,0.0711867639345826
2005-07-01,0.0770667453062027,0.0324388086110292,0.0558340705789836,0.0806382909007504,0.0479045840296209,0.133916576558865,0.0347979946918313,0.0633048265015236,0.137520888626757,0.0769029129394803,0.050951866050657,0.057865591926341,0.085520495429077,0.065336347848881
2005-08-01,0.0608698404659407,0.0574829070650798,0.0766649784755634,0.0652063813623702,0.0642567738668017,0.120251962522158,0.0308938971891618,0.0622942517092935,0.110565966067359,0.114839199797417,0.0344074449227653,0.0304190934413776,0.0733413522410737,0.0985059508736389
2005-09-01,0.0425852866094221,0.0517134679353292,0.0692736133673706,0.0253345710528351,0.0190879554420979,0.158234702560532,0.0720004641448132,0.0488512415873753,0.11885975090895,0.0948015780923648,0.0158969598514737,0.0410381372321498,0.0727160207318017,0.169606250483484
2005-10-01,0.0768377458955776,0.046738648128975,0.0592367992900458,0.0446432973426022,0.0521619089878223,0.166050387023616,0.0532712123453138,0.0388009663264803,0.172878765468619,0.0703791352364049,0.0297539811664941,0.0532219099738697,0.0742986737662081,0.0617265690479712
2005-11-01,0.049436482947356,0.0485242621310655,0.0464644086749257,0.0359297295706677,0.0361651413942265,0.127887473148339,0.0643262807874525,0.0702704293323132,0.120648559573905,0.0788923873701557,0.0548509548892093,0.0629726628019892,0.0797457552305565,0.123885472147839
2005-12-01,0.0898722105664696,0.0405874499332443,0.0814037764638566,0.0461949265687583,0.049017737936296,0.201563990082014,0.080259393477017,0.0895288956704177,0.125958420751478,0.0362387945832539,0.0395193591455274,0.0230020980354759,0.035781041388518,0.0610719053976731
2006-01-01,0.071741118077325,0.0649164054336468,0.0632510449320794,0.0638061650992685,0.092149947753396,0.156413270637409,0.0592345872518286,0.0690961337513062,0.0859456635318704,0.0591366248693835,0.0498955067920585,0.0380747126436782,0.0548915882967607,0.0714472309299895
2006-02-01,0.0659874851321301,0.062108910379066,0.0507317577700781,0.0493871851890159,0.0981020840875007,0.149712985468273,0.0437503232145628,0.0646429125510679,0.114081812070125,0.0711072038061747,0.0833635000258572,0.0330971712261468,0.0537829032424885,0.0601437658375136
2006-03-01,0.0709094132246056,0.058470720321456,0.0419547361578916,0.0442297464988477,0.0678071263960291,0.20649412042782,0.0657093895881345,0.0961413460970277,0.126307392306329,0.032588784494475,0.0439342906104119,0.0318501447733853,0.058825267387579,0.0547775217160078
2006-04-01,0.0648692035462804,0.0759969353132183,0.0631909226896275,0.0482323324455471,0.0667299062351782,0.141413404356233,0.0377978036411398,0.0821627932430953,0.116895910102521,0.063884125652158,0.0527563938852202,0.0359735853186909,0.0916122441533803,0.0584844394177095
2006-05-01,0.0728153860221281,0.073394495412844,0.0751623030266085,0.0350818373007407,0.0644640190191716,0.171873571276174,0.04385991648633,0.0716266877990795,0.130391051235941,0.0697674418604651,0.0541314883111341,0.0525465573470694,0.0450486147093785,0.0398366301929349
2006-06-01,0.0534446438324101,0.0518061948974019,0.0463056877584458,0.0465787625809472,0.0677225559803386,0.119918857767028,0.0632753374424592,0.0517671842084731,0.111531559647343,0.120113911211672,0.0666302566903332,0.10056955605836,0.0720137317625029,0.0283217601622845
2006-07-01,0.0665697372520511,0.0432547512721986,0.0573268252154949,0.0572229722712639,0.0720739432962925,0.0782531934780351,0.0674005608058988,0.0792917229203448,0.0883269290684391,0.126233253712743,0.0778897081732267,0.0602866341260775,0.10338560598193,0.0224841624260048
2006-08-01,0.0613850058989668,0.0438668621071824,0.0429730792606628,0.0864109256015159,0.0899860569875943,0.161131171570555,0.0390761860498373,0.0769010761145472,0.0831218047263237,0.0874477137034786,0.0376818848092667,0.0441528726180687,0.0665331950949197,0.0793321654570806
2006-09-01,0.0560594397402858,0.0592054620301884,0.072592790923391,0.0385889755346564,0.0791860504032933,0.177984537635128,0.0478262324709662,0.0624853576090231,0.109274072090766,0.05699655276281,0.0347735868000937,0.0575655142407711,0.0600756384082466,0.0873857893503799
2006-10-01,0.0604414959196853,0.0645805201667352,0.0475841014501262,0.0595314976809722,0.0560676334174837,0.157664533552516,0.0619385897962778,0.0787588798215229,0.110726237304057,0.061791815886808,0.0452357188986086,0.029883167968062,0.0619092350143838,0.103886573122762
2006-11-01,0.104095063985375,0.0461791590493601,0.0457404021937843,0.0380621572212066,0.0376599634369287,0.164936014625229,0.046617915904936,0.109689213893967,0.135319926873857,0.0381718464351005,0.0604753199268739,0.0359049360146252,0.0374771480804388,0.0996709323583181
2006-12-01,0.0542806860140101,0.0675661686048518,0.0357500258808102,0.045412195037786,0.0618378826046447,0.167569619379551,0.0394078470616653,0.0897546499189068,0.14648538596915,0.0742606715207564,0.0346112702301667,0.0468960281583215,0.0939645950515891,0.0422029745677905
2007-01-01,0.087230451903244,0.0618413650853178,0.07796737296081,0.0371648228014251,0.0338646165385337,0.137296081005063,0.0520157509844365,0.098706169135571,0.0973185824114007,0.0539283705231577,0.0549034314644665,0.0364522782673917,0.0725295330958185,0.098781173823364
2007-02-01,0.0618945102260495,0.0604040738594022,0.056181170820568,0.0773370870249234,0.0828434213794817,0.154674174049847,0.0317545748116254,0.0576302061770307,0.172186801357953,0.0557257597085369,0.0665314233667302,0.0273660677320527,0.0487703899975159,0.0467003394882835
2007-03-01,0.0871374957352439,0.050187649266462,0.059467758444217,0.0686455134766291,0.0580348004094166,0.099351757079495,0.0811327192084613,0.0829409757761856,0.0999317639031047,0.104878880928011,0.0487205731832139,0.0825656772432617,0.0636301603548277,0.0133742749914705
2007-04-01,0.0998482967866501,0.0749896565990898,0.0557164529030479,0.0530616466694249,0.0368914632464488,0.12970624741415,0.0499241483933251,0.0706109502137636,0.0974348365742656,0.0824024272514136,0.0556819749000138,0.0428216797683078,0.0802992690663357,0.0706109502137636
2007-05-01,0.0827939690972352,0.0815593550076696,0.0465412099218078,0.0671555239627371,0.0722062179655056,0.174005761532418,0.0436230311646526,0.06846496314864,0.132290770324367,0.0401436641849676,0.0552957461932732,0.0245052190504695,0.0467282726626511,0.0646862957836058
2007-06-01,0.0988196885986941,0.0666331826552821,0.0647915620291311,0.0540766783860707,0.0490540766783861,0.131173614599029,0.0692281935375858,0.085216808973715,0.121839946425582,0.0853423740164072,0.0358278921814833,0.0426084044868575,0.0483425414364641,0.0470450359953122
2007-07-01,0.0493911781307959,0.0768889605676962,0.0379001693411822,0.0262075639061366,0.0809208934763326,0.150995887428433,0.0585839851624869,0.0567696153536005,0.140633819853238,0.133497298604951,0.0287880009676639,0.0428191274897186,0.045197967905814,0.0714055318119507
2007-08-01,0.0426261185617998,0.0387844770076603,0.0348738239285961,0.0560603620804674,0.0462837293828069,0.099215569000023,0.121299256975915,0.0721630512295553,0.082859837592878,0.151986381725748,0.0246141105564629,0.118584803662212,0.0536909663913874,0.056957511904488
2007-09-01,0.0561640176305596,0.0449668313966431,0.0629535639553003,0.0584123592003918,0.0676060727483193,0.108499176350118,0.0667156404434353,0.0575887093183741,0.113953074217533,0.0946306932015493,0.0389118917234317,0.0996838965317662,0.0686300698989359,0.0612840033836428
2007-10-01,0.0477422656960874,0.0690684713375796,0.067163330300273,0.0489080982711556,0.0625284349408553,0.120592584167425,0.0603389444949955,0.063381483166515,0.0870393539581438,0.1127161055505,0.0501876706096451,0.0635520928116469,0.0934940855323021,0.0532870791628753
2007-11-01,0.0669343442273614,0.0404656692312869,0.0637266997151253,0.0600928646732913,0.0489446176622328,0.112648886296853,0.0669567753078666,0.104910163522577,0.0818061506022745,0.112065678203719,0.0396132881720912,0.0615284538256208,0.0785312128485229,0.0617751957111774
2007-12-01,0.0556967276876005,0.0754032048955038,0.0461287144116579,0.0513664886169165,0.067313177410154,0.0901571332261578,0.0635015298449411,0.0587564175698802,0.120053933516569,0.113182596069076,0.0306228283980708,0.0785406835036042,0.0986361043406109,0.0506404605092569
2008-01-01,0.0516153945166688,0.0424550564208178,0.0568284206461578,0.0631998970266444,0.0509932638263183,0.107263912129403,0.0805551980091818,0.0760501136997469,0.0685845454155404,0.130325653237225,0.0386579139314369,0.0842236238040074,0.0828935512936028,0.0663534560432488
2008-02-01,0.0739748880498727,0.0405654578979717,0.0504434103081921,0.0802528755817016,0.0590701554131179,0.106616033014312,0.095442971288085,0.0577311440863992,0.106396522960752,0.0963429625076829,0.044077618754939,0.0645359557467732,0.0612872069540785,0.0632627974361226
2008-03-01,0.0592456608811749,0.0572708055184691,0.0308188696039163,0.0926234979973298,0.0460336003560303,0.106391855807744,0.100077881619938,0.0589118825100133,0.111203827325323,0.113623720516244,0.0460892300845572,0.075795505117935,0.0649198931909212,0.036993769470405
2008-04-01,0.0499480845947866,0.0574894802994699,0.0908246352259686,0.0884474561451445,0.0592108858407563,0.0954970216951746,0.073774523197989,0.0777911361276572,0.0779824034100224,0.0736105798131045,0.0416689436581234,0.0831192961364009,0.0872725285534729,0.0433630253019291
2008-05-01,0.0702120363490884,0.0504372178087672,0.0653540606961193,0.0470652111790593,0.0705549522775333,0.161427673315426,0.0510944733382866,0.0769274732811339,0.132451277361833,0.0803280562382123,0.0536377664742527,0.0354917985940447,0.0617248671200777,0.0432931359661656
2008-06-01,0.0550148116800677,0.0763557221449731,0.0491808234085001,0.0523849827700864,0.0571005380569494,0.11940027809685,0.0866634423553594,0.0762650383894565,0.114352215706426,0.0952179432924249,0.0521733873405477,0.0663805090381476,0.0539266066138686,0.0455837011063418
2008-07-01,0.0593946880790611,0.0738233477455219,0.049017912291538,0.0762940086473132,0.0752810376775788,0.0996664607782582,0.0614947498455837,0.0537121680049413,0.10828906732551,0.125484867201977,0.0447436689314392,0.0486720197652872,0.0682396541074737,0.0558863495985176
2008-08-01,0.0745563783708258,0.0995668576219086,0.0448791393041777,0.0729355875366774,0.0853150761492245,0.109682828000559,0.053905267570211,0.0690233337990778,0.0964649993013833,0.0935866983372922,0.0427832890876065,0.0383400866284756,0.0752270504401285,0.0437334078524521
2008-09-01,0.0484009886159377,0.0519959556620731,0.0355939185140803,0.060271869382864,0.0518836129418814,0.135035949670461,0.127621330137807,0.0531006590772918,0.103411473936489,0.0966334631515878,0.041454463750749,0.0727606351108448,0.0657766626722588,0.0560590173756741
2008-10-01,0.0499198383589924,0.0321305426833286,0.0307249687040169,0.0916917400566622,0.042485669734039,0.0910438583005732,0.0985988184393736,0.0627786440603518,0.106614982540136,0.105308237981244,0.0406847780730459,0.106098873344607,0.0880460325478225,0.0538730151758066
2008-11-01,0.0704021253471803,0.0448186036883054,0.0586540617937792,0.121051632825573,0.0562388945434471,0.0945192954612107,0.0515983231838805,0.0830127486328428,0.108579019097072,0.0529611675608536,0.0466817327099902,0.0524436317214967,0.0939155036486277,0.0651232597857402
2008-12-01,0.0607123491934391,0.0428019520130134,0.0571370475803172,0.0660837738918259,0.0377863630201979,0.116358275721838,0.0660837738918259,0.0575945506303375,0.11376575843839,0.0714382540328047,0.0545275857394605,0.0854514030093534,0.138216754778365,0.0320421580588315
2009-01-01,0.0591256254938109,0.0376320486934129,0.0421238989845785,0.103224768091768,0.0663242911070143,0.0968600942264361,0.0656658765692213,0.0546630380709917,0.143666052146431,0.055014192491148,0.054853246715243,0.0632370584964738,0.0916074093582653,0.0660023995552044
2009-02-01,0.0624606780845858,0.0415239426773855,0.0317196784341139,0.11094023068857,0.0537574274729116,0.117808458580916,0.0713561691716183,0.0686123732960503,0.096487242222999,0.0905976931142957,0.0332051730164278,0.0834498427123383,0.0862984970290108,0.0517825934987767
2009-03-01,0.0925486836670695,0.0536323446176439,0.0337611479096235,0.107907175964877,0.0271221183705313,0.102981444371357,0.0640345107157608,0.0868580869192761,0.12719707515565,0.049532667390739,0.0464273148643894,0.0530816417065671,0.0800507870462437,0.0748650013002708
2009-04-01,0.0588257955158333,0.0368287233222899,0.0343246783265275,0.117015948840435,0.02411587949765,0.106441174204484,0.0902997149241082,0.0701132598813468,0.102858463672086,0.0703444024963402,0.0365205331689653,0.0636220047769474,0.1282456275522,0.0604437938207874
2009-05-01,0.0711373930548566,0.0411424257674887,0.0344237544036236,0.113085052843483,0.0378459989934575,0.113286361348767,0.0694262707599396,0.0701811776547559,0.139179667840966,0.0524911927528938,0.0497986914947156,0.0449924509310518,0.0730498238550579,0.0899597382989431
2009-06-01,0.0646157874067286,0.0494567351747611,0.0561853645765153,0.07068988087446,0.0546930226469433,0.112553999214557,0.0465505956277,0.106689357245713,0.116926299253829,0.0901950517083388,0.0387485272941484,0.0577562508181699,0.0688833616965571,0.0660557664615787
2009-07-01,0.0683433204874028,0.0490744247176494,0.0494976721391816,0.0739123655075628,0.112628366487715,0.0988616871978793,0.0535742130939387,0.0684769775678867,0.117306364304649,0.0646900269541779,0.056024592902809,0.0449756075828117,0.0766300594774008,0.0660043215789356
2009-08-01,0.0611409772927866,0.0401989890074621,0.0499612185402124,0.10393431223087,0.0476878226216267,0.0916847201048437,0.0701275776297842,0.0615689106421675,0.0922731284602423,0.0786060071143919,0.0479285351306534,0.0722939902110246,0.113054641739549,0.0695391692743855
2009-09-01,0.0843782139652946,0.0350773539902405,0.040000875292676,0.083130921902011,0.0290597168428193,0.111928050942034,0.0757346987899079,0.0721459988183549,0.104619357097529,0.0729556445436443,0.043895927700825,0.0815772774021313,0.0710300006564695,0.0944659620560625
2009-10-01,0.0742040397124273,0.0422586442998973,0.047308284833961,0.0900162615542622,0.0245207120849024,0.110022252653201,0.0823134200616227,0.0670147209859637,0.0988103389250257,0.0862504279356385,0.0304262238959261,0.078611776788771,0.0957719958918179,0.0724709003765834
2009-11-01,0.0504911252800276,0.0290022402205756,0.0380492848526624,0.0595209374461485,0.042977770118904,0.0821816301912804,0.0690160261933483,0.0625710839221092,0.145614337411684,0.0995864208168189,0.0877821816301913,0.0626744787179045,0.0996036532827848,0.0709288299155609
2009-12-01,0.0923932452425897,0.0407972382361444,0.0962025746985698,0.0504906212268082,0.0244545346325868,0.140452017754196,0.0767647909120283,0.0610513069061102,0.0716630103906263,0.0808972331343639,0.0562896450861351,0.0732445623522609,0.105538833052735,0.0297603863748448
2010-01-01,0.0293209528746253,0.0618872687115458,0.0336931779766063,0.0659439724144148,0.0519258073967231,0.0879853958666697,0.0543598296184445,0.0903743436028036,0.0869486826981587,0.109102792364382,0.0298618467016745,0.094160600392148,0.109485925491875,0.0949494038899281
2010-02-01,0.056828835298107,0.0631520156384019,0.0642490974009136,0.07982765842858,0.0393353679213293,0.116749446472383,0.0675004488061756,0.0709712165639399,0.100712105798576,0.0976203299224064,0.0336305427562683,0.0979793748628648,0.0685376897452776,0.0429058703847765
2010-03-01,0.0683610682341996,0.0780242319159284,0.0337682109403083,0.0885331867295371,0.0391178398494492,0.104286046560802,0.0747467912798934,0.0846214027445922,0.0881314359418942,0.0700737952762565,0.047575751168249,0.0820417397923583,0.0909648362336921,0.04975366333284
2010-04-01,0.0516086578458791,0.0815962022044135,0.042161171300322,0.0798806138516134,0.0318441399732086,0.101008201922399,0.0958379356536862,0.0529012244130573,0.0752038729994595,0.0966134755939931,0.0308335879297784,0.12138375126319,0.0943808606143216,0.0447463044346784
2010-05-01,0.0410169349429913,0.0571763916834339,0.0444542253521127,0.100184439973172,0.0374538900067069,0.0977741448692153,0.0689763581488934,0.0499874245472837,0.101295271629779,0.107750670690812,0.0343519450033535,0.121415995975855,0.0711770623742455,0.0669852448021462
2010-06-01,0.0510414458852772,0.0613306614770998,0.0368022505250583,0.0694425711478063,0.0222162276729802,0.108345054818012,0.0507524229753945,0.0935470818320199,0.0806759282452456,0.121235476598778,0.0396539432359005,0.101023141100985,0.0913312395229195,0.0726025549625234
2010-07-01,0.0541959923376595,0.0531843912098319,0.0549923591829707,0.0761068422978412,0.0524095477927724,0.058436107703235,0.0820257850670455,0.0881599621187663,0.0824993004885818,0.141602634467618,0.0305847915455974,0.0766879748606358,0.0936269128946859,0.0554873980327587
2010-08-01,0.0494493722415049,0.0327805630543772,0.0632043536015769,0.1128894030938,0.0468140720743883,0.0836654240047992,0.0543771693019668,0.0639113853537301,0.0759094999357244,0.165573981231521,0.0346445558555084,0.0761880275956635,0.100205681964263,0.0403865106911771
2010-09-01,0.0469619893893413,0.0462196799336288,0.0668296836451761,0.0466563325546362,0.0659782110342117,0.131279610505862,0.0898631094033142,0.0746239329301574,0.112307054123092,0.0798855970132961,0.0346920507390346,0.0743182760954523,0.0787284675676266,0.0516560050651704
2010-10-01,0.0739499432401751,0.0395426779825937,0.0529217795556517,0.0485161360073517,0.0446780907076058,0.110735715444078,0.112627709605925,0.0623276933888318,0.110654629979999,0.111951997405265,0.0321098437753392,0.0950862208768042,0.0749499972971512,0.0299475647332288
2010-11-01,0.0628291120232256,0.0798278105916508,0.0321153268595455,0.0577435178696566,0.072279507458204,0.0874762238462309,0.0616077685453999,0.0602062268495345,0.122815096606267,0.0624887376113725,0.0440884973470818,0.140975072579838,0.064631094203624,0.0509160076083692
2010-12-01,0.0625772686062804,0.0880037913129482,0.069459325805654,0.0536553202011044,0.0537789499711531,0.106239182395121,0.0462993488832111,0.0591568449682684,0.10990686557323,0.0862523695705926,0.0463817687299102,0.103993241572571,0.0731270089837633,0.041168713426193
2011-01-01,0.0678934823282159,0.0320373170669195,0.0777609759848271,0.0646384909142169,0.0683035599866725,0.079093728374811,0.0663044314016967,0.0788117999846221,0.102468154906835,0.0881154368608555,0.0397006433093267,0.101007253248584,0.0775046774482918,0.0563600481841249
2011-02-01,0.0854357440976764,0.0342926555783966,0.0631346165825702,0.0644739301065222,0.0982059428144272,0.0935027720675263,0.0725098112502336,0.0772752756494113,0.0781785336074254,0.0881766647978571,0.0401794057185573,0.0547249735251978,0.0996386968167944,0.0502709773874042
2011-03-01,0.04476720059756,0.0477715993028467,0.159913685783053,0.0349572578637231,0.0492654992115528,0.0791600962735497,0.050825794671757,0.0718067889451407,0.0677898580795087,0.122549589177525,0.0306415470163499,0.0830110382604366,0.0874429413229314,0.0700971034940659
2011-04-01,0.0393987996688742,0.0338369205298013,0.0797806291390728,0.052721440397351,0.0532905629139073,0.0872309602649007,0.0747102649006623,0.068294701986755,0.103425082781457,0.0834540562913907,0.0360358029801325,0.120421150662252,0.0582574503311258,0.109142177152318
2011-05-01,0.0526290969111059,0.0719170007073803,0.0596557415703843,0.0853336477245933,0.0571799103984909,0.118038198538081,0.0451544447064372,0.0582645602452252,0.106602216458382,0.0628389530771045,0.0630983258665409,0.0984909219523697,0.0605281773166706,0.0602688045272341
2011-06-01,0.062190423775454,0.0587736195193542,0.0629930288020547,0.0627178499357916,0.044831223628692,0.0863144377178499,0.0347184002935241,0.0724179049715648,0.136855622821501,0.0840671436433682,0.0560218308567235,0.111263988259035,0.0668455329297377,0.0599889928453495
2011-07-01,0.0728985658955302,0.0598555427614362,0.0252695488328274,0.0719355176384382,0.0505390976656548,0.0847482466240971,0.0783628179629436,0.0610907568303151,0.0720611326284937,0.0974353606197006,0.0279074636239925,0.170731707317073,0.0652360515021459,0.0619281900973516
2011-08-01,0.0534396540072983,0.0491417759156643,0.0378429517502365,0.0700770374374916,0.0365454791187998,0.0905122313826193,0.0678875523719421,0.0532639545884579,0.0834977699689147,0.147263143668063,0.0260170293282876,0.149182321935397,0.08307879443168,0.052250304095148
2011-09-01,0.045800426124986,0.0488762154974929,0.0345065120228121,0.0750524646364321,0.0429809525335213,0.0918251285583839,0.0804350960383192,0.0521923009147269,0.0621085176937988,0.0906556878073787,0.0379827948031975,0.183425980808356,0.10050782564119,0.0536500969194047
2011-10-01,0.0804576674261196,0.0504897640152334,0.033393756963962,0.0847815602600988,0.0330445194658329,0.0758344281651727,0.0902695780878415,0.0605677603898156,0.0947431441353046,0.0958573780579069,0.0320134373284994,0.12492724218789,0.106667110142855,0.0369526533734679
2011-11-01,0.0577196002053326,0.0880363559501163,0.0380016305824803,0.0821179454660748,0.039466135217562,0.0895008605851979,0.0681976024398345,0.0574327384726877,0.060739197391068,0.0810912824229248,0.0345592897907419,0.178110940000604,0.0861340097231029,0.0388924117522722
2011-12-01,0.073696373874287,0.0666165330789971,0.0559967718860623,0.0773096604977898,0.047302874121898,0.107279763760753,0.0678637589185818,0.0431026576915317,0.0898002604501018,0.0645806203114396,0.0382238036719796,0.117477669155004,0.111131490618294,0.0396177619632802
2012-01-01,0.0330501992673403,0.0540437180467775,0.0458314882653677,0.0895092790145324,0.055774727265408,0.0803510325671269,0.0699851052695141,0.0638863169759672,0.0675496155549293,0.0968358761724568,0.0256229620385653,0.120627188921541,0.137413952739423,0.0595185379010507
2012-02-01,0.0768423538053887,0.0365716084686623,0.0416087310124092,0.109111420101267,0.063383792008815,0.0814859511504053,0.070388540546213,0.0777343442558438,0.0994044651992549,0.0539916572657869,0.0381457092635832,0.106120628590917,0.113177847154813,0.0320329511766403
2012-03-01,0.0752312794554023,0.0548088671670449,0.058561703613196,0.0700820387502182,0.0843660906499098,0.105573980333973,0.0864897887938558,0.0798859603188456,0.105777622621749,0.0473322860301391,0.0568161982894048,0.0696456624192704,0.0579507767498691,0.0474777448071217
2012-04-01,0.0578375581996896,0.086316606311433,0.0501551991722711,0.0959648215209519,0.0478789446456286,0.0948525607863425,0.0567770305225039,0.0711329539575789,0.0888256595964822,0.100336264873254,0.0490170719089498,0.0872995344024832,0.0613812726332126,0.0522245214692188
2012-05-01,0.0684877972526721,0.0479707681184907,0.0351134298610704,0.113195380737441,0.0281376399554487,0.0730601637454325,0.0924047912148035,0.062176368290443,0.105418449694199,0.0682142368642163,0.0298571623971706,0.10782187310706,0.109267835160326,0.0588741036012271
2012-06-01,0.0529534513749716,0.0861759054564988,0.0484494122022272,0.0496683952810892,0.0475610008057685,0.0952666267225884,0.0596681886737877,0.0580979731823723,0.0772711307617611,0.0869610132022066,0.0361975992231565,0.159232247267618,0.0968161814838536,0.0456808743621
2012-07-01,0.0466777047480474,0.0421621260013714,0.0343852959376516,0.107303530513605,0.0349037512752329,0.110380813807636,0.0681517903433512,0.0658772766042848,0.0924857424782165,0.0671650527653739,0.0481494489321493,0.139196895957721,0.108909069623535,0.0342515010118241
2012-08-01,0.0613102744250285,0.0378510378510378,0.0422546488120259,0.140375107588222,0.0401729418122861,0.0932764867191097,0.0653135571168358,0.0433155187253548,0.104926039352269,0.0986208691126724,0.0299445545347185,0.0881522848735963,0.100422346323986,0.0540643327528573
2012-09-01,0.0442432372009837,0.0345629331544825,0.0468589313659736,0.0423653029286832,0.0690364408674268,0.117616811983009,0.0868991728146658,0.0700648334451151,0.087458081824279,0.0886429689246591,0.0386988598256204,0.131746031746032,0.0793874357254639,0.0624189581936061
2012-10-01,0.0514545567806641,0.0290080774102452,0.0545484748437468,0.0815008617288565,0.0621483004215204,0.117008243526651,0.0901181502938184,0.0655329221952283,0.100978010340746,0.0979879150314583,0.0404908739799414,0.0872526422890841,0.0800681077264893,0.0419028634315497
2012-11-01,0.0615200973303032,0.0503408856139384,0.0417326630397356,0.0831439524367009,0.0854853889768841,0.0925785643780272,0.0803204554323623,0.065950462548493,0.0569060900305305,0.0970777953768106,0.0379680003672842,0.0889975437871588,0.111929848724835,0.0460482519569359
2012-12-01,0.0605666684352947,0.0565872552660901,0.0343556003608001,0.0525017244123733,0.0645991404467555,0.160317291876691,0.0528466068870377,0.0580994322703879,0.136759165915,0.0548363134716401,0.0396349551652783,0.0439857802302754,0.125510691356715,0.0593993739056614
2013-01-01,0.0468446892587714,0.0756556101065741,0.038031373488205,0.0559453957609867,0.0753203209196503,0.0860735241288468,0.0463896539336606,0.0518500778349898,0.128248113998324,0.0735001796192073,0.043539695844809,0.0847563166087894,0.119913782780505,0.0739312657166806
2013-02-01,0.0665348986735885,0.0697735336841855,0.0416497987759865,0.0715119186531089,0.0381254018526897,0.11313790393637,0.0786321529778773,0.0908961017312409,0.0869192484461696,0.0861572166789703,0.0471507155954564,0.0801800300050008,0.0817755340175744,0.047555544971781
2013-03-01,0.0260114945160626,0.0574496828704234,0.0386279852540471,0.0661736084079408,0.0388111647928926,0.103290362466512,0.0903075126508369,0.0669063265633229,0.095528129507934,0.129301856982575,0.0348270098230028,0.133125729855975,0.0722185331898427,0.0474206031186317
2013-04-01,0.064289940180117,0.058833840962377,0.0480092907071017,0.0423778951289524,0.0359138418388588,0.124789096566383,0.0910226351425378,0.0681026360190197,0.106229594408046,0.0722001884435874,0.0343142625501238,0.101869097442864,0.093432960098166,0.0586147205118654
2013-05-01,0.0681283159411124,0.0322546642774323,0.0335546888724922,0.084431327079161,0.0313762692807702,0.100242437019079,0.0529145145989248,0.0874178700678121,0.118442781349917,0.0672499209444503,0.0762446857102702,0.0474684656196198,0.129334879308527,0.0709391799304311
2013-06-01,0.0659643776598539,0.0504387117112384,0.0610255871381285,0.0656754058740083,0.0880838543582199,0.101534177481217,0.0587663531760626,0.0484159092103189,0.118662323333158,0.107786476120422,0.0485209898597173,0.0758156885409552,0.0655965953869595,0.0437135501497399
2013-07-01,0.0514748930421076,0.0612249493357352,0.054965097950912,0.0931321774375141,0.0402386849808602,0.149223147939653,0.050123845980635,0.0592434136455753,0.0750731817158298,0.0862193199729791,0.0317270884935825,0.125557306912857,0.08543120918712,0.0363656834046386
2013-08-01,0.0616682076714018,0.0329214647950464,0.0735479532655291,0.0826258720685887,0.05043288223922,0.0798240452775209,0.0576896136280855,0.0527023619399849,0.10333137205458,0.108038441063573,0.0265052814435012,0.0957104031828752,0.115939592614385,0.0590625087557087
2013-09-01,0.0658819305534185,0.0251833615428015,0.0701902856849772,0.0628301790018977,0.0552136226086065,0.1058111504334,0.0473149715340822,0.0616505103349233,0.129609683541058,0.0843719546596912,0.0487510899112684,0.0580858593629789,0.0622659896394317,0.122839411191465
2013-10-01,0.0604824192967719,0.0561382455298212,0.0424576983079323,0.0682347293891756,0.0733949357974319,0.0854194167766711,0.0693147725909036,0.0695067802712108,0.091155646225849,0.105532221288852,0.018408736349454,0.120748829953198,0.0771630865234609,0.062042481699268
2013-11-01,0.0663456799484399,0.0507639231148349,0.0506122758463813,0.0374947871251469,0.0635781172991621,0.127952382757706,0.0602039655760701,0.0807900822686431,0.141676460552754,0.0423854115327748,0.0642984418243166,0.0760131933123555,0.0951586609546196,0.0427266178867953
2013-12-01,0.0521385520296275,0.0481809599883814,0.0386682158158449,0.060634667053954,0.0554789049451746,0.143163168978288,0.0603442015830368,0.0674969138043715,0.102098613027376,0.0788250671701402,0.0443686006825939,0.0778447462057948,0.102715852153075,0.0680415365623411
2014-01-01,0.0414126550346857,0.094947796230117,0.0466680681101535,0.100238245392755,0.0840515731203139,0.108121365005956,0.0381542989278957,0.0430593511316656,0.14168593651461,0.0715436900007007,0.034860906733936,0.0764137061173008,0.0687758391142877,0.0500665685656226
2014-02-01,0.0522247575584712,0.0903308613804906,0.0669138619509412,0.0377067883628066,0.0565031374786081,0.0913291500285225,0.0358813462635482,0.0831717056474615,0.116343411294923,0.0913006274957216,0.0693953223046206,0.0992013690815744,0.0738163148887621,0.0358813462635482
2014-03-01,0.0588313589777719,0.102977061981454,0.0328541638936954,0.0793291627845069,0.0535959891743201,0.0968321575935046,0.0670171702382537,0.0651759172989041,0.108301166866321,0.121766715470961,0.0447002972625227,0.0512666932871911,0.0804605350725409,0.0368916100980523
2014-04-01,0.0384409680438561,0.0801912020323573,0.0968712394705174,0.0539176360475999,0.0649150956010162,0.0999130899852922,0.0629763337344565,0.0563243749164327,0.12866024869635,0.0749097472924188,0.0425190533493783,0.063678299237866,0.0967709586843161,0.0399117529081428
2014-05-01,0.0500482730698558,0.0812233330218942,0.0415459839920272,0.0849294590301785,0.039521629449687,0.106387617178984,0.0727521878601015,0.0585817060637204,0.112336105141861,0.0758042916316298,0.0484287894359837,0.0825936653274783,0.091500825313775,0.0543461334828241
2014-06-01,0.0891753756960867,0.0798306506979937,0.033831718666565,0.0544282553970555,0.0683499885574796,0.0953543367152338,0.0746052330459989,0.0487451369288275,0.153634907315585,0.0851704935540468,0.0467617667251507,0.0841406667175223,0.0616751849874132,0.0242962849950416
2014-07-01,0.0798676024395476,0.0796837169389194,0.0324251432774526,0.0809709154433173,0.0652487051395997,0.120169174660578,0.0606822152073309,0.0645438107205247,0.0966624781635968,0.0951913941585706,0.0232308682460388,0.0887247540531429,0.079438536271415,0.0331606852799657
2014-08-01,0.0440306623166494,0.0801305005172277,0.0228641150102119,0.0828625235404896,0.049362085886316,0.105328771120129,0.0443489562611071,0.0690963104426938,0.0895997453648444,0.12636269594971,0.0349592848996048,0.0517492904697488,0.162382960664173,0.036922097557094
2014-09-01,0.0672986694256635,0.133634898101586,0.0270205240489882,0.0480498544308366,0.0491326002742956,0.0979524073049253,0.0548831837540001,0.050143163061524,0.1173937104497,0.0775727244291523,0.0455715695002526,0.0712687375183465,0.100117898991843,0.0599600587088857
2014-10-01,0.0773261316160007,0.043533457978441,0.0496503012256769,0.0410636382521986,0.0415252867991598,0.114904323338642,0.0621840592756734,0.0565288645753987,0.0888904277173788,0.113634789834499,0.0418022759273365,0.094776446691134,0.118089698312675,0.0560902984557856
2014-11-01,0.0666578773895847,0.0477257745550429,0.0415029663810152,0.0768885959129862,0.121318391562294,0.0927092946605142,0.0547132498352011,0.0508899143045485,0.136822676334871,0.075385629531971,0.0580355965721819,0.0473038892551088,0.0864864864864865,0.0435596572181938
2014-12-01,0.0481301229508197,0.067827868852459,0.059733606557377,0.0586834016393443,0.0451331967213115,0.0882684426229508,0.0520747950819672,0.0750768442622951,0.142802254098361,0.0980020491803279,0.041547131147541,0.0699026639344262,0.114882172131148,0.0379354508196721
2015-01-01,0.0518409365342502,0.0429790630564254,0.0494054562943861,0.0496715171609259,0.0604572153660384,0.131679662716686,0.0487096047972821,0.0669450072655083,0.113689854894497,0.0924868504533268,0.0459875974703751,0.13337835901844,0.0757250158613209,0.0370438591105381
2015-02-01,0.0462259429455389,0.0503890076891578,0.0387415260020929,0.0926566267801083,0.0571682060148323,0.0962054688566359,0.0685199508621866,0.0515264570726603,0.131921379498612,0.100755266390646,0.0428590927703717,0.0915419263842759,0.0697711451840393,0.0617180035488421
2015-03-01,0.0656885255082041,0.0886487091896735,0.0491963935711486,0.0725765806126449,0.0604244833958672,0.145293162345299,0.035812286498292,0.0689365514924119,0.107268858150865,0.0512124096992776,0.0511284090272722,0.0752926023408187,0.0654365234921879,0.0630845046760374
2015-04-01,0.0613091093245553,0.0581756029625878,0.0730834968664936,0.060011394568589,0.0797936317022219,0.138412356776603,0.0371273026524024,0.103279103627271,0.0831803506994999,0.0527948344622397,0.0445970753940622,0.0880863455086409,0.0593150598214851,0.0608343356333481
2015-05-01,0.0870404492410283,0.0650171097657278,0.0384604135591237,0.0911058465678102,0.035857389371472,0.138983943142932,0.0530841449504256,0.0589043900441637,0.152817993039104,0.0671229270860753,0.0529379076365125,0.0660115235003363,0.0552192097335556,0.0374367523617326
2015-06-01,0.06125578877729,0.0326276538160823,0.0284477055391833,0.0391531845792987,0.0536777530522644,0.115113971251579,0.0535273952005774,0.0688638960726529,0.0956275936729416,0.106122571720695,0.0305827870331389,0.152492933180971,0.0997473988091658,0.0627593672941601
2015-07-01,0.0532422032048705,0.05226580897134,0.0285451725920395,0.0490781689736374,0.0570616277066223,0.0958589397507323,0.0439377405088737,0.085836540118316,0.107345930733444,0.0849750157946126,0.0427316064556889,0.149072425478146,0.0814714835448854,0.0685773361667911
2015-08-01,0.0389287043931497,0.045304355919583,0.0366250930752048,0.0758097542814594,0.0645243857036485,0.0860712956068503,0.048957557706627,0.0380444899478779,0.10945644080417,0.18887285927029,0.0236411020104244,0.0914696574832465,0.100707371556217,0.0515869322412509
2015-09-01,0.0618156214339476,0.0383373394517688,0.0393570786898779,0.0488503654065603,0.060844441207177,0.13106077160269,0.0447714084541239,0.0728870760191322,0.100929905067133,0.174254012188312,0.0475635516060893,0.0585621676742662,0.0701192123728361,0.0506470488260859
2015-10-01,0.0810787317730404,0.0400504161505531,0.0239259404133255,0.116022339570159,0.0403546515418215,0.109198774365995,0.0621726753156442,0.0703001064823869,0.116000608470783,0.113132103353109,0.0310537410087576,0.0561531607884043,0.093508920616294,0.0470478301497273
2015-11-01,0.0625389731864477,0.0460663063812097,0.0323477447516109,0.048664518811058,0.0689825400124714,0.160127832051549,0.0604863853668676,0.0463261276241946,0.114815007274995,0.0996674288089794,0.0446372895447932,0.0473394304718354,0.0896643109540636,0.0783361047599252
2015-12-01,0.0504053244172476,0.03725199507933,0.0546635965050626,0.0537488565750875,0.0517616629341072,0.066870643156799,0.0571870170015456,0.0898337696747942,0.0899914834558244,0.171340251711195,0.0398385010882251,0.0737785067659212,0.131501750622969,0.0318266410118916
2016-01-01,0.0485196656918897,0.0431382049107993,0.0239137581976432,0.0732640030454569,0.0673288228270838,0.134553823259677,0.0274264158779049,0.0690764998010071,0.102472703362115,0.184544306206849,0.0291221816545829,0.0427748265300825,0.100119395753664,0.0537453928812445
2016-02-01,0.0428693288896824,0.091213870538991,0.0271975242516217,0.0604455553571783,0.0682616199488187,0.120950623896526,0.0726259199746077,0.0533436489515761,0.0962526532960384,0.126663889384832,0.041421174790216,0.0641750481064889,0.0795294491063104,0.0550496935071118
2016-03-01,0.0543961840113746,0.0661835527221025,0.0363482089620694,0.069394120075219,0.0673072512956933,0.120556804109526,0.0726046874283355,0.0566894464064578,0.106430307755813,0.0746686235839105,0.048043847176994,0.0535706095491446,0.0772600100903545,0.0965463468330046
2016-04-01,0.0628180122116689,0.0736516282225237,0.0460481682496608,0.0929231682496608,0.0445641112618725,0.128519335142469,0.0375890434192673,0.0765985413839891,0.124787991858887,0.0866053256445048,0.0475958276797829,0.03125,0.0692842605156038,0.0777645861601085
2016-05-01,0.0556218905472637,0.061865671641791,0.041865671641791,0.0668159203980099,0.0615174129353234,0.110298507462687,0.0525373134328358,0.0746268656716418,0.11363184079602,0.0905721393034826,0.0502238805970149,0.0436069651741294,0.0667412935323383,0.110074626865672
2016-06-01,0.0565271655844669,0.244197987266379,0.0165884639082421,0.0379164889331248,0.0313916931292162,0.101189629840277,0.0502551463734458,0.0582650046605684,0.0766703003301894,0.116719591765802,0.0331611292794287,0.0654217419466957,0.0584387885681786,0.0532568684139849
2016-07-01,0.0439325014259282,0.158730158730159,0.0187526953521695,0.0606958529833201,0.0446837221596205,0.111598013438504,0.0691818649750289,0.0478972775204151,0.0864321188598139,0.133898140033109,0.041845777165672,0.0777652574322162,0.0743847641306011,0.0302018557934421
2016-08-01,0.0397560585317284,0.0606475472503245,0.0472058745088278,0.0790853972938855,0.0647191650516509,0.112280639368455,0.0572515690841527,0.0500684529630354,0.123499813310101,0.118592535960031,0.0413740376580197,0.0601141475383603,0.0979855270878154,0.0474192343936134
2016-09-01,0.0790748731925203,0.0586342645166175,0.0419978802331743,0.0956734044969339,0.0828223181164358,0.128018775077599,0.0735672647437353,0.0660534484063896,0.0442122795063972,0.0898061927473692,0.0220304337951397,0.0681921417215535,0.0902793549852373,0.0596373684608979
2016-10-01,0.0620459537083967,0.0813270822774117,0.0195767866193614,0.0380342963338402,0.0638621388748099,0.0989187362730191,0.0578433857070451,0.0509587768204089,0.163667849298868,0.0983696570366616,0.0784760939347863,0.0559004899476263,0.0843892549417131,0.0466294982260517
2016-11-01,0.0685774915193449,0.0577730621516207,0.0287819238758462,0.0719398658039063,0.174365258454503,0.115426573217568,0.050151680439948,0.0424406354140204,0.0557406936951746,0.0968812110524979,0.0183212038794327,0.0579673326658398,0.0831029484286504,0.0785301194016468
2016-12-01,0.0713384723195515,0.0482550805886475,0.0360056061667835,0.0663910301331465,0.0865451997196917,0.12406447091801,0.0641765942536791,0.0567624386825508,0.0980378416257884,0.076958654519972,0.0395374912403644,0.0916608269096006,0.0840784863349685,0.056187806587246
2017-01-01,0.0694699754901961,0.0529769199346405,0.0228502859477124,0.0693295547385621,0.135135825163399,0.146943933823529,0.0399560866013072,0.0423943014705882,0.0847120098039216,0.10140931372549,0.0243949142156863,0.034530739379085,0.108992034313725,0.0669041053921569
2017-02-01,0.0439499576464456,0.0430051475858474,0.0185215351534502,0.0690525835668209,0.115771812080537,0.11630937642536,0.0373851567081514,0.0677982667622337,0.0954421059490454,0.102072066201864,0.0492930214374145,0.0703069003714081,0.0693458004821789,0.101746269629244
2017-03-01,0.0628837175103856,0.0807690893717143,0.0286937980221315,0.0557148634241388,0.0795375170030514,0.0997757435388405,0.0795375170030514,0.0481232307635749,0.103286643873387,0.0937833167898239,0.0366714459027242,0.0470019484577773,0.0993162016102349,0.0849049667291644
2017-04-01,0.0647035768450829,0.0468789939164664,0.0537123187294446,0.0696794642400695,0.0767343182863862,0.103181500604945,0.0492817340626757,0.0480377622139291,0.0943714534021778,0.108549324335838,0.0415111701855733,0.060272992178314,0.102533953615187,0.0805514373839102
2017-05-01,0.0727744202095401,0.0504820259729396,0.0389803216294778,0.0844852464501558,0.076078546184571,0.134193521403626,0.0341914301846546,0.0549990589514628,0.0928292101465945,0.0833141638260942,0.0264120956105314,0.0350697421527008,0.0910934984002175,0.125096718877434
2017-06-01,0.0772919019847399,0.104769369078629,0.0411470459417717,0.0259560637145294,0.0742029920933127,0.101403840390955,0.0514280445356262,0.0465411124685922,0.123925220718748,0.0843687328553975,0.0378737235195132,0.0777990364445264,0.0715290103962564,0.081763905857403
2017-07-01,0.0808451156075987,0.0589381058227732,0.0460826325076193,0.107495588808176,0.0693874745067486,0.102454226723802,0.0672334379797887,0.0890258713536057,0.070579069181237,0.0697770343041775,0.0347395678177777,0.0550654231306859,0.0970003895597974,0.0513760626962121
2017-08-01,0.070067542780691,0.0597311236270257,0.0470425756889148,0.0630111564273537,0.0836624155715241,0.0891003646878574,0.0518331499104465,0.0622558857167519,0.0917761809197039,0.133941865734447,0.0415614682462614,0.076649187544507,0.092207764182905,0.0371593189616107
2017-09-01,0.0515681470880733,0.0400465714216412,0.0435879399422708,0.0476144274383292,0.0341281199214107,0.158464113323793,0.0525141290901594,0.0597909137215902,0.152933757003905,0.0585781162830184,0.0542363014529313,0.06350207388362,0.073568292623766,0.109467096805492
2017-10-01,0.0812765194525787,0.0619733460825913,0.0283073367995378,0.0695432179923903,0.122034303472181,0.122432717783223,0.0585469830076296,0.0560568935636168,0.0911970357975258,0.0763561027112094,0.0540449012928544,0.043287714894719,0.0711567959521106,0.0637861311978326
2017-11-01,0.0858541979306532,0.0585459284416713,0.0385238132848906,0.101315062001422,0.0767711871100229,0.102420819840455,0.0382671195008293,0.0642326830424137,0.0923110338835795,0.0754679725140194,0.0496011373509202,0.0400639759892584,0.0886185925282363,0.0880064765816286
2017-12-01,0.125067211528121,0.0489299924723089,0.0548714915582321,0.0747123346596408,0.0291966878158942,0.114286482417464,0.0609474137003979,0.112458328852565,0.0956285622109904,0.0625873749865577,0.0308097644908055,0.0401656092052909,0.0711366813635875,0.0792020647381439
2018-01-01,0.0683747082537662,0.0307129217059198,0.0352394087276328,0.050480939246057,0.0818127165994766,0.13678477968739,0.049420043850343,0.0630171865054106,0.142884928212745,0.0514357451021996,0.0327109413678478,0.0382629606054176,0.107645519485112,0.111217200650683
2018-02-01,0.0643925130136228,0.0322737844722561,0.0344224166574371,0.0766862332484217,0.11569387529073,0.112260493963894,0.053981614796766,0.0653893011407686,0.0962011296932108,0.122139771846273,0.0665632960460738,0.0400708827112637,0.0647026248754015,0.0552220622438808
2018-03-01,0.0924061289779424,0.0500420946287254,0.0379188415558175,0.0603973732951675,0.098198349890554,0.122983667284055,0.0616602121569288,0.0718639501599596,0.103889543694225,0.0896278834820677,0.0419599259134534,0.0334062973564573,0.0625526182859067,0.0730931133187405
2018-04-01,0.108373894904142,0.0302572762491308,0.0340915863713122,0.0865004470050661,0.187622926393166,0.0667130227475911,0.0497069633455846,0.0424158140458925,0.0569782457534519,0.0965729611602265,0.0364557464984603,0.0377868282507202,0.113757822588656,0.0527664646865998
2018-05-01,0.112353347135956,0.0397342995169082,0.0219806763285024,0.107073844030366,0.147463768115942,0.0729641131815045,0.0398895790200138,0.0859903381642512,0.0933229813664596,0.0635610766045549,0.0529503105590062,0.0574706694271912,0.0646652864044168,0.0405797101449275
2018-06-01,0.0596193265007321,0.0583016105417277,0.0538945827232796,0.0427086383601757,0.0650366032210835,0.133221083455344,0.03099560761347,0.052108345534407,0.0872620790629575,0.0877452415812592,0.0265300146412884,0.0759443631039532,0.108682284040996,0.117950219619327
2018-07-01,0.042824054506416,0.058885188253394,0.0289776665708634,0.0833995502882551,0.0925121303825931,0.0838560246158008,0.0799844460599503,0.0545909482831493,0.096857089722565,0.132580432467159,0.0333057194542596,0.0753182640450388,0.100779387648143,0.0361290977024126
2018-08-01,0.0701903991766522,0.0641770197750496,0.0484010879952952,0.0870984341689333,0.0902595015805337,0.0888039403072852,0.0394618834080717,0.0836874218922296,0.072057634345365,0.129941924575461,0.0338895831801808,0.0819819157538778,0.0689112695728883,0.0411379842681761
2018-09-01,0.0472863593763313,0.0683990798330067,0.0370622816733407,0.0675811536167675,0.0587884467921956,0.150123540938911,0.0296668654681776,0.0684672403510267,0.0995654766976229,0.065945301184289,0.0608162222032887,0.0626224759308171,0.107472096787936,0.0762034591462895
2018-10-01,0.0549861200085415,0.0718956865257314,0.0367152466367713,0.0601777706598334,0.0611386931454196,0.107049434123425,0.0795830664104207,0.069119688234038,0.0799834507794149,0.0933429425581892,0.0287075592568866,0.0964792867819774,0.0791826820414264,0.0816383728379244
2018-11-01,0.0755485246578169,0.0547492949996561,0.0507325125524451,0.0875988719994498,0.0701836439920215,0.109787468189009,0.0469220716693033,0.0487103652245684,0.123516060251737,0.0881491161703006,0.0268244033289772,0.0689180823990646,0.0766902813123324,0.0716693032533187
2018-12-01,0.0715721642387024,0.0839919588026327,0.034202627158318,0.0853964145072013,0.043675818577369,0.0903808553410624,0.0614105141409413,0.0511662490017349,0.0967697518794922,0.168892683061163,0.0155040894445515,0.0628149698455099,0.0689009445653072,0.0653209594360147
2019-01-01,0.102666374169874,0.0483417426161179,0.0153760245697306,0.0860738288494905,0.0655525197933909,0.0910196837046048,0.0733701613385717,0.0408033025546936,0.0546038330375127,0.158446842031789,0.0301936461719482,0.0675069301796861,0.133298765530583,0.0327463454520073
2019-02-01,0.0829886081588494,0.0963533380003818,0.0472856870107554,0.112942574089395,0.0924924160461613,0.0798701711958251,0.0627930163983114,0.0562803623326757,0.0837947347207196,0.0930227624684444,0.0301448906425677,0.0411760962260549,0.0653811069390526,0.0554742357708055
2019-03-01,0.0675427661195374,0.0871597756077291,0.0379700810305423,0.0489299813006441,0.0393205900685643,0.0986044739940439,0.0604958792160122,0.0774638132834684,0.126463051457857,0.112888704203892,0.0448611399681418,0.062885241360205,0.080026317612023,0.0553881847773392
2019-04-01,0.0804715633612972,0.0481018769992154,0.0476794012915686,0.111855473072203,0.0845957309835637,0.126078821896312,0.0637938318546684,0.0667712796990364,0.0841129016033959,0.0718611060816384,0.0356287846782143,0.0409600257509003,0.0985374293359084,0.0395517733920776
2019-05-01,0.087691020749597,0.0424989288556097,0.0513741252320813,0.137657356211617,0.0810805296553976,0.127904841572644,0.0491910309509722,0.0565360210556383,0.0661253136922857,0.0850794687123824,0.0228918858262094,0.0623712076387897,0.0666353824495542,0.0629628873972211
2019-06-01,0.0861652656054373,0.0403326775174387,0.0247048828474334,0.06387497764264,0.106711679484886,0.0739134323019138,0.0628465390806654,0.0592470041137542,0.0396843140761939,0.153147916294044,0.0350563405473082,0.0776471114290825,0.126252012162404,0.0504158468967984
2019-07-01,0.101653560182666,0.04565013106484,0.0278121239098538,0.107473168801622,0.0785564732842046,0.0930642794731029,0.0531678124536327,0.046655785812025,0.0981090393524243,0.0839639283182485,0.0362200570420562,0.0535799660385446,0.133372900077485,0.0407207741892939
2019-08-01,0.0776783978222827,0.0337675805301705,0.0502786959621492,0.0540378508004407,0.0703707304426729,0.0844513578326528,0.0583641195151987,0.0890044720979973,0.0584127292760386,0.115885669842504,0.0241266446302418,0.0886480005185041,0.120957288223475,0.0740164625056711
2019-09-01,0.0875259569319315,0.0520446704491571,0.0489216632057424,0.0874278519923478,0.0798574208211384,0.119737078761916,0.0468778102977485,0.0588466129269609,0.0997563727333671,0.0623129874589186,0.0483003319217123,0.0552657826321555,0.114145097205644,0.03898036266126
2019-10-01,0.0951307320266191,0.104094694352522,0.0394923451761882,0.103421942616095,0.0751663696861704,0.0783119386159497,0.048619949816357,0.0631841157860286,0.0702752827375541,0.0635477653732863,0.0418742499727263,0.0359467617004255,0.133604858358486,0.0473289937815921
2019-11-01,0.0708159972828394,0.0473125583764966,0.0379723189267216,0.0607625031841725,0.0848093742039569,0.0980215674620022,0.0688970026322493,0.0712065891143755,0.0766918570094252,0.0892247601256687,0.0393139169567802,0.0468370552772353,0.102267130848264,0.105867368599813
2019-12-01,0.0913961335035565,0.0547145723144264,0.0724740105781506,0.0881132591646909,0.0495166879445559,0.143967718402334,0.061371511946015,0.0524575962064563,0.118685026445377,0.0776035017326281,0.0353364946197337,0.0232080977567025,0.0825050155024622,0.0486503738829108
2020-01-01,0.0876679841897233,0.0460395256916996,0.0662292490118577,0.0625454545454545,0.0974229249011858,0.104347826086957,0.0568379446640316,0.0765691699604743,0.0906719367588933,0.098798418972332,0.0361581027667984,0.0394624505928854,0.0926482213438735,0.044600790513834
2020-02-01,0.0543756254864895,0.0372670807453416,0.03987228161586,0.074232339438611,0.0672586614986259,0.0808724245842004,0.0373623929723118,0.0776794649806993,0.12214261886229,0.11466060904513,0.0720560435894585,0.0614763863957681,0.0968531079728678,0.0638909628123461
2020-03-01,0.0698378280706509,0.0143831594163617,0.0306545602385147,0.0715092379274518,0.0299317884085468,0.113457108009215,0.0595112255499842,0.0807607173510412,0.121561187152731,0.108686813931427,0.081646112842752,0.10737678998961,0.0729638162352622,0.0377196548764512
2020-04-01,0.0767545461184547,0.014204337982911,0.0272523673896638,0.069037707831252,0.0329730519243409,0.119805740159205,0.0562452834781762,0.12847196864578,0.117054942914871,0.105917865576085,0.0755495508654057,0.0571825020083254,0.0785681248326395,0.0409820102728888
2020-05-01,0.068422035045148,0.0173009169602651,0.02524557269185,0.0786182598754054,0.0426281527800462,0.120418115215007,0.078373270491612,0.0984507338015353,0.0918476866002473,0.0711635829114072,0.0700202991203715,0.0851746424321613,0.100713969061341,0.0516227630136027
2020-06-01,0.0810622141809012,0.0242331856452923,0.0385508526491246,0.094097702050062,0.0566153320131637,0.123089196928469,0.0906643112561082,0.0977305429316314,0.102332141381619,0.0660037325659254,0.06759933326685,0.0380379809952559,0.089994728819113,0.0299887453164846
2020-07-01,0.0864715576171875,0.0388641357421875,0.0330810546875,0.0946044921875,0.0493316650390625,0.081695556640625,0.0669403076171875,0.0881500244140625,0.101654052734375,0.0970458984375,0.062408447265625,0.047332763671875,0.125152587890625,0.0272674560546875
2020-08-01,0.0739953295458506,0.0348715625108919,0.0564985535533791,0.067216200202154,0.0832839566414555,0.120124777804887,0.0470008016451152,0.0856540378515911,0.0901502213237601,0.103168240911784,0.0713812693876128,0.0274999128646614,0.078264961137639,0.0608901746192186
2020-09-01,0.0804895069187956,0.0325770598948139,0.0449508961244532,0.0610862424046432,0.0561333038312937,0.122427790921315,0.060252242438684,0.0954674654911239,0.110785832212823,0.0793321192109339,0.0462614674995319,0.0545504059367181,0.116657872789475,0.0390277943253962
2020-10-01,0.0739896159445497,0.0284981769927466,0.0389337662170345,0.0549350030276092,0.0732423762223167,0.094654659297337,0.0559527950630645,0.0790656926783391,0.0924387070176117,0.0987902446565918,0.0784344039474871,0.0507607673378941,0.112768780839743,0.0675350107576753
2020-11-01,0.07451180274601,0.0270778248542576,0.0239081265330827,0.0706094103405435,0.0712465356312319,0.107530820935937,0.0677423465324456,0.081026408843299,0.0930362205727756,0.11864865725845,0.0604950463508649,0.0522761301009844,0.0935299926730592,0.0583606766270587
2020-12-01,0.0993544356518117,0.06228654727197,0.0302374010828821,0.0727197001249479,0.0342565597667638,0.111578508954602,0.0751145356101624,0.107392753019575,0.114077467721783,0.0911078717201166,0.0444398167430237,0.0246355685131195,0.0943356934610579,0.0384631403581841
2021-01-01,0.0799398690820521,0.0293613944283757,0.0430430811386817,0.0496270360785508,0.0677995128634495,0.105191048865885,0.0299703151164561,0.108083422134267,0.121003957984473,0.0674760237479068,0.0518343735728421,0.0366303851423352,0.132554422286497,0.077485157558228
2021-02-01,0.0701713756368689,0.0333066655438124,0.0481072887279464,0.0741294370289275,0.0590761716282791,0.12823697839909,0.0754979157017138,0.112152090614342,0.0932039243757632,0.0879615983830898,0.0552023243083919,0.0492441787022611,0.0697081982399259,0.0440018527095878
2021-03-01,0.0894523326572008,0.0378757145491425,0.0728010326387608,0.0517794578646506,0.0610732067121519,0.0978794025447169,0.04030979162825,0.0959616448460262,0.102673796791444,0.100811359026369,0.0490319011617186,0.0306472432233081,0.0812096625484049,0.0884934538078554
2021-04-01,0.0416032208945209,0.0437969391178672,0.0238728159599453,0.032131519859602,0.0612176426562056,0.107905128138953,0.0731927633107079,0.138642991715488,0.172916612899063,0.0689601775621338,0.0294990579915864,0.0436420884197486,0.0816321263581697,0.080986915116009
2021-05-01,0.0782637075718016,0.0323977371627502,0.0491296779808529,0.0809181897302002,0.0500217580504787,0.137597911227154,0.0670365535248042,0.0684725848563969,0.110139251523064,0.116993037423847,0.0385335073977372,0.0279155787641427,0.0654046997389034,0.0771758050478677
2021-06-01,0.077952142459655,0.0382637729549249,0.0752810239287702,0.0671786310517529,0.0953811908736784,0.107490261547023,0.0576293823038397,0.0755926544240401,0.118864774624374,0.0493266555370061,0.0283361157484697,0.0629048414023372,0.0907289927657206,0.0550695603784085
